 ,Initials,Slice,BT_x,BT_y,BB_x,BB_y,CB_x,CB_y,LEB_x,LEB_y,LER_x,LER_y,LEF_x,LEF_y,REB_x,REB_y,RER_x,RER_y,REF_x,REF_y
1,JKR,1,178,284,211,268,198.5,240,230.5,231,247.833,228.5,216.5,243,-1,-1,-1,-1,-1,-1
2,JKR,2,180.5,280.5,213,266.5,204,237.5,241,227.5,257.5,226.5,225,239.5,-1,-1,-1,-1,-1,-1
3,JKR,3,179.5,283.5,212.5,269.5,202,240.5,237.5,230,254.5,228.5,221.5,242,-1,-1,-1,-1,-1,-1
4,JKR,4,185.5,291.5,215,276,205,248.5,237.5,234,251.5,230,222.5,246.5,-1,-1,-1,-1,-1,-1
5,JKR,5,187.5,298.5,218.5,279.5,205.5,253.5,236,233,250,230,223,248,-1,-1,-1,-1,-1,-1
6,JKR,6,188,299,218,281,206.5,254,236,235.5,253,231.5,224,249,-1,-1,-1,-1,-1,-1
7,JKR,7,187.5,301.5,217.5,283,207,257,237.5,237,253,231.5,223.5,251,-1,-1,-1,-1,-1,-1
8,JKR,8,185.5,303.5,217,284,204.5,258,234.5,237.5,251,233,221,251,-1,-1,-1,-1,-1,-1
9,JKR,9,185.5,306.5,213.5,288,204,262,235.5,239.5,250,234.5,222,252.5,-1,-1,-1,-1,-1,-1
10,JKR,10,185,307,214,289,204.5,262.5,235,240.5,249,235.5,222,255,-1,-1,-1,-1,-1,-1
11,JKR,11,185.5,309,215,289.5,205,264.5,234.5,241.5,250,237.5,222,256,-1,-1,-1,-1,-1,-1
12,JKR,12,187.5,310,218,289,206,265,233.5,242.5,249.5,237.5,222.5,256.5,-1,-1,-1,-1,-1,-1
13,JKR,13,189,309.5,219,288.5,207,265,234.5,243,250,238.5,223,256.5,-1,-1,-1,-1,-1,-1
14,JKR,14,188.5,311.5,218.5,291,207,266,236,243.5,251,237.5,223,257.5,-1,-1,-1,-1,-1,-1
15,JKR,15,189,312.5,221,290.5,207.5,267.5,236,244,251.5,239.5,222.5,258,-1,-1,-1,-1,-1,-1
16,JKR,16,193,321,222.5,298,207,275,232,251,246.5,246,222.5,265,-1,-1,-1,-1,-1,-1
17,JKR,17,190,321.5,220.5,299.5,206,274.5,229.5,252,245,248,219.5,266.5,-1,-1,-1,-1,-1,-1
18,JKR,18,192,325.5,221,302,206,278.5,229.5,254.5,244,248,219.5,269.5,-1,-1,-1,-1,-1,-1
19,JKR,19,193.5,326.5,220,305,206,280.5,228.5,255.5,242.5,251,219,271.5,-1,-1,-1,-1,-1,-1
20,JKR,20,193.5,329,221,304,206,281.5,229,257.5,242.5,250.5,220,272,-1,-1,-1,-1,-1,-1
21,JKR,21,195.5,331.5,223.5,306,205.5,285,227,258.5,242.5,252,219.5,274,-1,-1,-1,-1,-1,-1
22,JKR,22,195,334,221.5,310,204.5,287.5,227,260.5,240.5,253.5,218,276,-1,-1,-1,-1,-1,-1
23,JKR,23,195,334.5,223,310,204,288.5,226.5,261.5,239.5,255.5,217.5,277.5,-1,-1,-1,-1,-1,-1
24,JKR,24,198,338,224.5,311.5,206,289,226,263,240,256.5,217.5,279.5,-1,-1,-1,-1,-1,-1
25,JKR,25,199,338,225.5,313,207,291,227.5,262.5,240,256.5,219,280,-1,-1,-1,-1,-1,-1
26,JKR,26,201.5,340,226.5,313.5,207.5,292.5,226.5,264,240,257.5,220.5,280.5,-1,-1,-1,-1,-1,-1
27,JKR,27,202.5,342,226.5,315,208,292.5,226.5,265,240.5,257.5,220,282,-1,-1,-1,-1,-1,-1
28,JKR,28,204.5,342.5,227.5,315.5,209.5,293,226,265.5,240.5,258,221.5,284,-1,-1,-1,-1,-1,-1
29,JKR,29,205.5,343,229.5,316.5,209.5,294,227,266,240.5,259.5,220.5,285.5,-1,-1,-1,-1,-1,-1
30,JKR,30,206,345,230.5,317,210,293.5,226.5,266.5,240.5,259,222,285,-1,-1,-1,-1,-1,-1
31,JKR,31,204.5,345.5,230,318,210,294.5,226.5,267,239.5,259,220.5,285,-1,-1,-1,-1,-1,-1
32,JKR,32,207.5,346.5,231.5,319,210.5,296.5,226.5,269.5,239.5,261,221,288,-1,-1,-1,-1,-1,-1
33,JKR,33,207.5,349,231.5,319,212,297.5,226.5,270,238,262.5,221,289.5,-1,-1,-1,-1,-1,-1
34,JKR,34,206.5,358,230.5,324,209,306.5,223.5,275.5,236.5,265,219.5,294.5,-1,-1,-1,-1,-1,-1
35,JKR,35,205.5,361,229,328,208,308,223.5,278.5,236,269.5,218,297,-1,-1,-1,-1,-1,-1
36,JKR,36,176.5,321,210.5,302.5,196.5,276.5,230.5,255,248,252,215,270.5,-1,-1,-1,-1,-1,-1
37,JKR,37,189,318.5,218.5,303.5,206.5,276,229,260,242.5,256.5,218.5,274.5,-1,-1,-1,-1,-1,-1
38,JKR,38,192,323.5,221,305.5,207.5,279,230,260.5,244,257.5,219,274.5,-1,-1,-1,-1,-1,-1
39,JKR,39,193,327.5,224,307.5,208,283,232.5,260.5,248,256,221,276.5,-1,-1,-1,-1,-1,-1
40,JKR,40,195.5,328,223.5,309,210,282,234,260.5,250,256,223,275,-1,-1,-1,-1,-1,-1
41,JKR,41,197,333,225,310.5,210.5,286,232.5,260.5,248.5,255.5,225,276,-1,-1,-1,-1,-1,-1
42,JKR,42,199,331,225.5,312,211.5,285.5,234,260.5,248,256.5,224,277,-1,-1,-1,-1,-1,-1
43,JKR,43,203.5,334,229,313,214,288.5,234.5,262,248,257,226,277.5,-1,-1,-1,-1,-1,-1
44,JKR,44,204.5,334.5,231,313,215.5,287.5,235.5,262.5,249,256.5,227.5,277.5,-1,-1,-1,-1,-1,-1
45,JKR,45,206.5,334.5,231,311,216,286.5,235,262,249,255.5,228.5,278,-1,-1,-1,-1,-1,-1
46,JKR,46,208,335,234.5,311,217.5,286.5,236.5,262.5,250,256.5,229,278.5,-1,-1,-1,-1,-1,-1
47,JKR,47,208.5,335,234.5,309.5,218,284.5,237.5,262,250.5,255.5,229,278.5,-1,-1,-1,-1,-1,-1
48,JKR,48,208.5,334.5,235.5,309.5,217.5,285,237,262,250.5,255.5,229,278.5,-1,-1,-1,-1,-1,-1
49,JKR,49,211,337,235,311.5,219,286.5,237.5,262.5,250.5,256,230.5,279.5,-1,-1,-1,-1,-1,-1
50,JKR,50,212,338,237.5,311,220.5,287.5,238.5,262,251.5,256,231,279.5,-1,-1,-1,-1,-1,-1
51,JKR,51,213.5,339,239,312,220.5,289.5,239.5,263,252.5,256,231.5,280.5,-1,-1,-1,-1,-1,-1
52,JKR,52,215.5,338.5,240.5,312.5,222,291,239,264,251,258,232.5,280.5,-1,-1,-1,-1,-1,-1
53,JKR,53,218,339.5,241.5,313.5,223.5,292.5,239,265,252,258,233,281.5,-1,-1,-1,-1,-1,-1
54,JKR,54,218.5,339.5,243,314,224.5,291.5,239.5,265,252.5,258,233.5,282,-1,-1,-1,-1,-1,-1
55,JKR,55,217.5,340.5,242,314,223.5,291.5,239,264.5,251.5,257.5,233.5,282.5,-1,-1,-1,-1,-1,-1
56,JKR,56,222,341,244,316,225.5,294.5,239.5,267.5,252,259.5,234,284.5,-1,-1,-1,-1,-1,-1
57,JKR,57,225,344.5,245.5,318,226,295,239.5,268,252,260,235,284.5,-1,-1,-1,-1,-1,-1
58,JKR,58,225,345,245.5,317.5,226.5,295,239,269,252,260.5,234.5,286.5,-1,-1,-1,-1,-1,-1
59,JKR,59,227,347,247.5,317.5,226.5,295.5,241,268.5,252.5,260.5,235.5,286,-1,-1,-1,-1,-1,-1
60,JKR,60,227.5,348,247,319,227.5,299,240.5,270,252.5,260.5,235.5,287,-1,-1,-1,-1,-1,-1
61,JKR,61,225.5,348,246,319,226,297,240,268.5,252.5,260,235.5,288,-1,-1,-1,-1,-1,-1
62,JKR,62,227.5,347,245.5,319,225.5,298,239.5,273.5,252.5,264.5,235,289,-1,-1,-1,-1,-1,-1
63,JKR,63,225,348,244,320,225,300,238,272,251,262.5,233.5,288,-1,-1,-1,-1,-1,-1
64,JKR,64,226,347.5,244.5,319.5,226,298,239,272,251.5,265,233.5,289.5,-1,-1,-1,-1,-1,-1
65,JKR,65,223.5,349,244,320.5,225,300,238,272,250,264.5,233,289,-1,-1,-1,-1,-1,-1
66,JKR,66,221.5,347.5,241.5,320.5,223,299,238,269,249.5,262,232,287,-1,-1,-1,-1,-1,-1
67,JKR,67,223.5,354.5,245,324.5,222.5,306,239,274,250,266.5,232.5,293,-1,-1,-1,-1,-1,-1
68,JKR,68,223.5,353,242.5,325,223,304,236,273.5,248.5,265.5,233,291.5,-1,-1,-1,-1,-1,-1
69,JKR,69,221,355,241,325,222,305,236,273.5,248.5,264.5,230.5,291.5,-1,-1,-1,-1,-1,-1
70,JKR,70,219,357.5,239,327,220,307.5,234,276,245,269.5,229,294,-1,-1,-1,-1,-1,-1
71,JKR,71,214,360.5,235,330,216,310,231.5,277.5,242.5,268.5,226,295,-1,-1,-1,-1,-1,-1
72,JKR,72,212.5,364.5,236,328.5,216.5,309.5,230,277.5,242.5,270,226,295.5,-1,-1,-1,-1,-1,-1
73,JKR,73,211.5,363.5,236.5,329.5,215.5,310.5,229.5,280,241,270.5,225,298,-1,-1,-1,-1,-1,-1
74,JKR,74,213,363.5,237.5,327.5,215.5,309.5,229.5,279.5,241,270.5,225,296.5,-1,-1,-1,-1,-1,-1
75,JKR,0,0,0,0,0,0,0,0,0,0,0,0,0,0,0,0,0,0,0
76,JKR,0,0,0,0,0,0,0,0,0,0,0,0,0,0,0,0,0,0,0
77,JKR,77,208,364.5,230,331.5,211,312,225.5,281,236,272.5,220.5,299,-1,-1,-1,-1,-1,-1
78,JKR,78,208.5,359.5,231,331,211,307.5,224.5,278.5,236,272,220,295.5,-1,-1,-1,-1,-1,-1
79,JKR,79,209,364,231,333,210.5,311.5,222,283,234.5,274,219,298.5,-1,-1,-1,-1,-1,-1
80,JKR,80,207,366.5,230.5,334.5,208.5,315,222,285,232.5,276,218,301.5,-1,-1,-1,-1,-1,-1
81,JKR,81,207,367.5,229.5,336,209,317,222,285.5,232.5,277.5,217.5,303,-1,-1,-1,-1,-1,-1
82,JKR,82,208.5,369,231,337,209,319,221.5,287.5,232.5,278,218,304,-1,-1,-1,-1,-1,-1
83,JKR,83,206.5,369.5,229.5,339.5,207.5,321,221,287.5,232.5,278.5,218,303.5,-1,-1,-1,-1,-1,-1
84,JKR,84,207,371,227.5,340,207.5,320,220.5,287,231,278.5,217,306,-1,-1,-1,-1,-1,-1
85,JKR,85,209.5,372,231,339.5,209.5,321,222.5,290,231.5,282.5,218.5,306.5,-1,-1,-1,-1,-1,-1
86,JKR,86,208.5,373,231.5,342,210,323.5,221.5,290.5,233.5,282.5,219,307.5,-1,-1,-1,-1,-1,-1
87,JKR,87,211,371.5,231,341.5,210.5,322.5,221.5,290,234,281.5,219.5,308,-1,-1,-1,-1,-1,-1
88,JKR,88,211,376.5,233.5,341.5,210,326.5,222,293,233.5,284.5,219.5,311.5,-1,-1,-1,-1,-1,-1
89,JKR,89,210.5,380,232.5,345,209,328.5,221,296.5,232,287.5,218,315,-1,-1,-1,-1,-1,-1
90,JKR,90,210,381.5,233,344,209.5,327,219.5,298,231.5,288.5,218.5,315.5,-1,-1,-1,-1,-1,-1
91,JKR,91,209.5,382.5,231.5,345.5,209.5,329,220,297,232,288.5,217.5,314,-1,-1,-1,-1,-1,-1
92,JKR,92,211,383.5,232.5,346,210,330,221,298.5,233,288,218,314.5,-1,-1,-1,-1,-1,-1
93,JKR,93,211,384,234,346.5,210,330,221,298,232.5,289,219,315.5,-1,-1,-1,-1,-1,-1
94,JKR,94,212.5,381.5,232.5,347,211.5,330.5,223,298.5,232.5,289.5,219.5,317,-1,-1,-1,-1,-1,-1
95,JKR,95,212,381.5,234,347.5,211,331.5,221.5,298.5,234,289,220,317.5,-1,-1,-1,-1,-1,-1
96,JKR,96,213.5,381.5,233,347,210.5,333.5,222,299,233,292,218.5,317,-1,-1,-1,-1,-1,-1
97,JKR,97,212.5,383.5,233,348.5,211.5,334,221.5,300,232.5,290,221,318.5,-1,-1,-1,-1,-1,-1
98,JKR,98,212.5,386,234.5,347.5,211.5,332.5,222.5,300,233.5,291.5,219.5,318,-1,-1,-1,-1,-1,-1
99,JKR,99,213,384.5,234,348,212.5,330,222.5,299,234,290.5,219.5,318,-1,-1,-1,-1,-1,-1
100,JKR,100,213,386.5,234,348.5,212.5,333.5,222,301,234.5,290,221,318,-1,-1,-1,-1,-1,-1
101,JKR,101,213,386.5,234.5,349.5,212.5,333,223,300,234.5,291,220.5,318.5,-1,-1,-1,-1,-1,-1
102,JKR,102,213.5,388.5,236,350,212.5,337,222,302.5,234.5,293,220.5,321,-1,-1,-1,-1,-1,-1
103,JKR,0,0,0,0,0,0,0,0,0,0,0,0,0,0,0,0,0,0,0
104,JKR,0,0,0,0,0,0,0,0,0,0,0,0,0,0,0,0,0,0,0
105,JKR,0,0,0,0,0,0,0,0,0,0,0,0,0,0,0,0,0,0,0
106,JKR,0,0,0,0,0,0,0,0,0,0,0,0,0,0,0,0,0,0,0
107,JKR,0,0,0,0,0,0,0,0,0,0,0,0,0,0,0,0,0,0,0
108,JKR,0,0,0,0,0,0,0,0,0,0,0,0,0,0,0,0,0,0,0
109,JKR,0,0,0,0,0,0,0,0,0,0,0,0,0,0,0,0,0,0,0
110,JKR,0,0,0,0,0,0,0,0,0,0,0,0,0,0,0,0,0,0,0
111,JKR,0,0,0,0,0,0,0,0,0,0,0,0,0,0,0,0,0,0,0
112,JKR,0,0,0,0,0,0,0,0,0,0,0,0,0,0,0,0,0,0,0
113,JKR,0,0,0,0,0,0,0,0,0,0,0,0,0,0,0,0,0,0,0
114,JKR,0,0,0,0,0,0,0,0,0,0,0,0,0,0,0,0,0,0,0
115,JKR,0,0,0,0,0,0,0,0,0,0,0,0,0,0,0,0,0,0,0
116,JKR,0,0,0,0,0,0,0,0,0,0,0,0,0,0,0,0,0,0,0
117,JKR,0,0,0,0,0,0,0,0,0,0,0,0,0,0,0,0,0,0,0
118,JKR,0,0,0,0,0,0,0,0,0,0,0,0,0,0,0,0,0,0,0
119,JKR,0,0,0,0,0,0,0,0,0,0,0,0,0,0,0,0,0,0,0
120,JKR,0,0,0,0,0,0,0,0,0,0,0,0,0,0,0,0,0,0,0
121,JKR,0,0,0,0,0,0,0,0,0,0,0,0,0,0,0,0,0,0,0
122,JKR,122,-1,-1,628.5,128,627,86,-1,-1,-1,-1,-1,-1,574,73.5,557,77.5,599,86.5
123,JKR,123,632.5,116.5,612,99.5,616,59.5,-1,-1,-1,-1,-1,-1,567,40.5,552,45,586.5,57
124,JKR,124,-1,-1,624,59.5,630.5,19,-1,-1,-1,-1,-1,-1,573.5,9,552,13.5,599.5,22
125,JKR,125,633.5,124,595,106.5,600.5,70,-1,-1,-1,-1,-1,-1,543.5,57.5,525.5,63,569.5,70
126,JKR,126,506,209.5,460,193.5,469,158,-1,-1,-1,-1,-1,-1,411.5,150.5,388.5,156.5,438.5,161
127,JKR,127,411,267,366,253.5,369,214,-1,-1,-1,-1,-1,-1,314.5,212.5,290.5,219.5,344,223
128,JKR,128,434,272.5,386,259.5,394.5,221.5,-1,-1,-1,-1,-1,-1,338,219,314.5,224,366.5,229
129,JKR,129,417,324,377.5,306.5,386,270.5,-1,-1,-1,-1,-1,-1,325.5,257.5,306,261.5,351.5,270
130,JKR,130,417,324.5,378,309,386,272,-1,-1,-1,-1,-1,-1,326,260,309,265,354.5,273.5
131,JKR,131,446,340.5,400.5,327.5,408.5,291.5,-1,-1,-1,-1,-1,-1,347.5,284.5,324.5,290.5,378,295
132,JKR,132,451.5,349,404,341.5,406.5,305,-1,-1,-1,-1,-1,-1,349.5,304.5,326,314,378.5,312
133,JKR,133,452.5,349,407.5,342,408,306,-1,-1,-1,-1,-1,-1,351,305,330,315.5,378.5,313.5
134,JKR,134,454,350,408,343,410.5,307,-1,-1,-1,-1,-1,-1,352.5,307,330.5,316.5,381,314.5
135,JKR,135,440.5,316,426,313,-1,-1,-1,-1,-1,-1,-1,-1,422,285.5,408.5,293,426,293
136,JKR,136,444,331.5,412.5,322.5,416.5,291.5,-1,-1,-1,-1,-1,-1,387.5,289,371.5,295,404,298
137,JKR,0,0,0,0,0,0,0,0,0,0,0,0,0,0,0,0,0,0,0
138,JKR,0,0,0,0,0,0,0,0,0,0,0,0,0,0,0,0,0,0,0
139,JKR,139,411,326,369,313,377.5,279.5,-1,-1,-1,-1,-1,-1,328,275,309,279,351.5,283.5
140,JKR,140,410.5,320.5,369.5,304.5,376.5,270.5,-1,-1,-1,-1,-1,-1,322,259.5,304,261.5,349,270
141,JKR,141,429.5,337.5,388.5,319.5,400,284.5,-1,-1,-1,-1,-1,-1,347,270,326.5,271.5,370.5,283.5
142,JKR,142,430.5,276,387,260,400,226,-1,-1,-1,-1,-1,-1,347,213.5,326.5,214.5,371.5,225.5
143,JKR,143,432.5,282,390.5,265,402.5,231,-1,-1,-1,-1,-1,-1,349.5,219,328.5,221,374,231.5
144,JKR,144,433.5,283,390,266,401,230.5,-1,-1,-1,-1,-1,-1,349,220,328.5,223.5,374,232.5
145,JKR,145,430.5,294.5,388.5,277,400,243.5,-1,-1,-1,-1,-1,-1,346,230.5,325,232,372,243.5
146,JKR,146,430,293,390,276.5,399.5,242,-1,-1,-1,-1,-1,-1,346.5,231.5,324.5,233,371,244
147,JKR,147,430.5,293.5,388.5,276,399,242.5,-1,-1,-1,-1,-1,-1,345.5,230.5,324,233,369,242
148,JKR,148,430.5,293,385.5,278.5,394.5,244,-1,-1,-1,-1,-1,-1,339,236.5,320,240.5,366,247
149,JKR,149,431.5,292,388,279,396.5,244.5,-1,-1,-1,-1,-1,-1,339.5,237,320.5,241,367.5,248
150,JKR,150,421,347,381,325.5,392,291,-1,-1,-1,-1,-1,-1,336,275,320,276.5,362,290.5
151,JKR,151,422,347,382,328.5,391.5,295,-1,-1,-1,-1,-1,-1,336,279.5,319,282,362,293.5
152,JKR,152,391,370,357,345,369,313.5,-1,-1,-1,-1,-1,-1,315.5,292.5,303.5,292.5,339.5,308.5
153,JKR,153,402.5,369.5,370.5,347.5,378.5,315.5,-1,-1,-1,-1,-1,-1,323,296,308.5,294.5,346.5,310
154,JKR,154,413,367.5,375,348.5,384.5,313.5,-1,-1,-1,-1,-1,-1,329,297,314,297.5,353.5,311
155,JKR,155,413.5,367,375,347.5,384.5,312.5,-1,-1,-1,-1,-1,-1,330,297,313.5,298,354.5,311.5
156,JKR,156,413,367,378,349,385.5,313.5,-1,-1,-1,-1,-1,-1,328.5,297.5,312,299,354.5,311.5
157,JKR,157,384.5,377,-1,-1,364.5,323,-1,-1,-1,-1,-1,-1,307.5,306,296,306.5,331,319
158,JKR,158,383,381,-1,-1,364,325,-1,-1,-1,-1,-1,-1,307.5,308,295,308.5,329,321.5
159,JKR,159,382,379,-1,-1,364,327.5,-1,-1,-1,-1,-1,-1,307,309,296,307.5,329,322.5
160,JKR,160,382.5,386,-1,-1,364,331.5,-1,-1,-1,-1,-1,-1,309.5,312.5,297,311.5,329.5,326
161,JKR,161,384.5,389.5,-1,-1,366.5,334,-1,-1,-1,-1,-1,-1,312,314.5,299.5,312.5,333,329
162,JKR,162,385,389,-1,-1,367.5,334,-1,-1,-1,-1,-1,-1,312,315.5,300,315,333.5,329.5
163,JKR,163,437.5,350,391,353,387.5,318,-1,-1,-1,-1,-1,-1,327.5,337,314.5,347,356.5,337
164,JKR,164,441,349,395,351,391.5,317,-1,-1,-1,-1,-1,-1,332.5,334,318,343,361.5,333.5
165,JKR,165,441.5,349.5,396,352,392,317.5,-1,-1,-1,-1,-1,-1,333,335,317.5,342.5,361.5,334.5
166,JKR,166,450,370,403.5,365.5,406.5,330,-1,-1,-1,-1,-1,-1,349,336.5,331.5,343.5,375.5,341
167,JKR,167,450.5,370.5,406,365.5,407.5,330.5,-1,-1,-1,-1,-1,-1,350.5,336.5,333,343,376,340.5
168,JKR,168,445,363.5,401,358.5,402,324,-1,-1,-1,-1,-1,-1,345,330.5,327.5,337,372.5,334.5
169,JKR,169,427.5,333,381.5,329,383,294,-1,-1,-1,-1,-1,-1,327,301,307.5,307.5,354.5,305
170,JKR,170,408.5,264.5,364,261,364,226,-1,-1,-1,-1,-1,-1,308,231.5,290,240,335.5,236
171,JKR,171,417.5,266.5,371.5,262,372.5,226.5,-1,-1,-1,-1,-1,-1,315.5,233.5,298.5,240,343,237
172,JKR,172,419.5,277,374,269.5,377,234.5,-1,-1,-1,-1,-1,-1,319,238.5,304,245,346,244
173,JKR,173,420,278,374.5,270,378,235.5,-1,-1,-1,-1,-1,-1,322,239.5,304,246,349,245
174,JKR,174,420,278.5,373.5,271.5,377,235.5,-1,-1,-1,-1,-1,-1,321.5,240,303,245.5,349,246.5
175,JKR,175,420.5,280,373,272.5,377.5,237,-1,-1,-1,-1,-1,-1,321.5,240.5,302,245.5,350,246.5
176,JKR,176,422,289,378,279,382.5,245,-1,-1,-1,-1,-1,-1,328,245.5,309,250,354,251.5
177,JKR,177,424,290.5,378,280,384,245,-1,-1,-1,-1,-1,-1,329,246,309.5,250.5,356,253.5
178,JKR,178,420,294.5,382.5,285.5,387,251.5,-1,-1,-1,-1,-1,-1,346,254,328.5,258.5,367.5,261.5
179,JKR,179,427,294,390,287,393,252.5,-1,-1,-1,-1,-1,-1,354.5,257,336.5,261,375.5,262.5
180,JKR,180,427,295,388.5,287,392.5,253.5,-1,-1,-1,-1,-1,-1,355.5,257.5,337.5,262,375,264
181,JKR,181,378.5,221,358,221,359.5,194,-1,-1,-1,-1,-1,-1,350.5,206.5,339,215.5,357.5,207
182,JKR,182,377.5,220,358.5,222,-1,-1,-1,-1,-1,-1,-1,-1,351.5,207,340,216,357.5,206
183,JKR,183,376.5,221.5,343,226,336,194,-1,-1,-1,-1,-1,-1,309.5,200.5,298,210.5,328.5,202.5
184,JKR,184,380.5,286,342.5,275,347.5,242,-1,-1,-1,-1,-1,-1,306,236.5,287.5,237.5,328,247
185,JKR,185,364.5,265,322,249.5,329,218,-1,-1,-1,-1,-1,-1,278,210.5,260.5,211.5,302.5,221.5
186,JKR,0,0,0,0,0,0,0,0,0,0,0,0,0,0,0,0,0,0,0
187,JKR,0,0,0,0,0,0,0,0,0,0,0,0,0,0,0,0,0,0,0
188,JKR,0,0,0,0,0,0,0,0,0,0,0,0,0,0,0,0,0,0,0
189,JKR,0,0,0,0,0,0,0,0,0,0,0,0,0,0,0,0,0,0,0
190,JKR,0,0,0,0,0,0,0,0,0,0,0,0,0,0,0,0,0,0,0
191,JKR,191,368,272.5,334.5,263.5,336,231,-1,-1,-1,-1,-1,-1,312.5,225,293.5,227.5,328,236.5
192,JKR,0,0,0,0,0,0,0,0,0,0,0,0,0,0,0,0,0,0,0
193,JKR,0,0,0,0,0,0,0,0,0,0,0,0,0,0,0,0,0,0,0
194,JKR,0,0,0,0,0,0,0,0,0,0,0,0,0,0,0,0,0,0,0
195,JKR,0,0,0,0,0,0,0,0,0,0,0,0,0,0,0,0,0,0,0
196,JKR,0,0,0,0,0,0,0,0,0,0,0,0,0,0,0,0,0,0,0
197,JKR,0,0,0,0,0,0,0,0,0,0,0,0,0,0,0,0,0,0,0
198,JKR,198,368,301.5,333,283,340,252.5,-1,-1,-1,-1,-1,-1,288,238.5,270.5,240.5,311.5,249.5
199,JKR,199,255.5,292,-1,-1,255,243,-1,-1,-1,-1,277,243.5,218,221.5,211.5,218,229,237
200,JKR,200,102,309,-1,-1,114.5,253.5,165.5,231.5,176,224.5,149,246,85,282,-1,-1,99.5,233.5
201,JKR,201,85,282,-1,-1,99.5,233.5,150,221,161,223,135,231,-1,-1,-1,-1,-1,-1
202,JKR,202,26.5,303.5,72.5,285,51.5,255,108,249,130,249.5,86,259,-1,-1,-1,-1,-1,-1
203,JKR,203,366,365.5,326.5,350.5,335.5,318,-1,-1,-1,-1,-1,-1,286,308.5,268,311,310.5,320.5
204,JKR,204,366,309.5,331.5,301.5,332,270,-1,-1,-1,-1,-1,-1,295,263.5,277.5,266.5,315.5,273
205,JKR,205,281.5,263,-1,-1,266,233,259.5,231.5,250.5,235.5,263.5,237.5,281.5,262.5,-1,-1,265.5,231
206,JKR,206,281.5,262.5,-1,-1,265.5,231,259.5,230,251.5,234,265.5,237,327.5,278.5,296.5,273,297.5,243
207,JKR,207,327.5,278.5,296.5,273,297.5,243,-1,-1,-1,-1,-1,-1,269.5,237,255,242.5,285.5,245.5
208,JKR,208,317.5,279.5,289.5,274,292,241.5,-1,-1,-1,-1,-1,-1,270,239.5,256,243,285.5,248.5
209,JKR,209,316,373,-1,-1,310.5,321,-1,-1,-1,-1,-1,-1,309,302,300.5,296,308.5,318
210,JKR,210,344,328.5,309,318,313,285,-1,-1,-1,-1,-1,-1,283,280,267.5,284,299.5,290.5
211,JKR,211,389.5,306,347.5,296.5,354,263,-1,-1,-1,-1,-1,-1,310,259.5,292.5,262.5,333.5,268.5
212,JKR,212,437,313,395.5,303.5,402.5,271,-1,-1,-1,-1,-1,-1,354.5,266.5,337.5,270.5,378.5,275
213,JKR,213,452,331.5,413.5,317,422,284.5,-1,-1,-1,-1,-1,-1,369.5,272.5,351.5,273,393.5,282.5
214,JKR,214,491,336,453.5,322.5,462,289,-1,-1,-1,-1,-1,-1,409,276.5,390.5,278,433.5,288.5
215,JKR,215,457.5,337.5,424.5,319,432.5,288.5,-1,-1,-1,-1,-1,-1,380,270,364.5,270,403,284
216,JKR,216,437.5,326.5,410.5,313,417,279.5,-1,-1,-1,-1,-1,-1,366.5,262.5,351.5,264.5,387.5,277
217,JKR,217,436,331,406.5,317.5,414,283.5,-1,-1,-1,-1,-1,-1,363.5,267,350,270,386,280.5
218,JKR,218,380.5,321,-1,-1,374.5,272,-1,-1,-1,-1,-1,-1,332,254,322.5,255,347,268
219,JKR,219,465.5,403,427.5,381,440.5,350,-1,-1,-1,-1,-1,-1,387,331,368.5,329.5,412,347.5
220,JKR,0,0,0,0,0,0,0,0,0,0,0,0,0,0,0,0,0,0,0
221,JKR,0,0,0,0,0,0,0,0,0,0,0,0,0,0,0,0,0,0,0
222,JKR,0,0,0,0,0,0,0,0,0,0,0,0,0,0,0,0,0,0,0
223,JKR,223,434,317.5,399.5,309.5,401,278,-1,-1,-1,-1,-1,-1,369.5,275.5,353.5,279,389.5,284.5
224,JKR,224,436,314.5,402,308.5,401.5,276.5,-1,-1,-1,-1,-1,-1,372,273.5,355,278.5,389,283
225,JKR,225,387,313.5,363.5,306.5,364.5,277,-1,-1,-1,-1,-1,-1,354.5,270,343.5,270.5,361.5,283.5
226,JKR,226,378,292,353.5,284.5,353,254,-1,-1,-1,-1,-1,-1,344,247.5,334,250,352,260.5
227,JKR,227,350,277,327.5,269.5,326.5,239.5,-1,-1,-1,-1,-1,-1,318,233,307.5,238,325,245.5
228,JKR,228,402.5,291,365.5,284,367.5,251,-1,-1,-1,-1,-1,-1,330.5,251.5,315,256,352,260
229,JKR,229,407,291,367.5,283.5,372,251.5,-1,-1,-1,-1,-1,-1,335,251,320.5,256.5,356,259.5
230,JKR,230,427.5,326,385.5,313,394,281,-1,-1,-1,-1,-1,-1,345,270.5,326,272.5,369.5,281.5
231,JKR,231,430,325,388,313.5,395.5,279.5,-1,-1,-1,-1,-1,-1,348,270.5,330,272,372.5,280.5
232,JKR,232,428.5,325,387.5,314,396.5,280.5,-1,-1,-1,-1,-1,-1,347,271,330,273,372,282.5
233,JKR,233,430,327,387,314,395,282,-1,-1,-1,-1,-1,-1,347.5,272.5,330,273.5,371.5,283
234,JKR,234,431.5,337,389,322,398.5,289.5,-1,-1,-1,-1,-1,-1,349.5,278,332.5,277.5,375,290.5
235,JKR,235,431.5,337,391,322,399.5,289.5,-1,-1,-1,-1,-1,-1,349.5,278.5,333,279.5,374,290.5
236,JKR,236,430.5,336.5,389.5,322,399,289.5,-1,-1,-1,-1,-1,-1,348,278,331.5,280.5,372.5,290
237,JKR,237,433,345.5,392.5,329.5,402.5,297,-1,-1,-1,-1,-1,-1,353,283.5,335.5,284,376,296.5
238,JKR,238,432,345.5,391,329.5,402,296.5,-1,-1,-1,-1,-1,-1,352.5,284,334,284.5,376.5,297
239,JKR,239,431.5,347,391,331,402.5,298.5,-1,-1,-1,-1,-1,-1,352.5,285,335.5,285.5,377,297
240,JKR,240,431.5,358,392,340,405,307,-1,-1,-1,-1,-1,-1,353.5,291,335.5,289.5,378.5,305.5
241,JKR,241,431.5,357.5,392,339.5,404,306.5,-1,-1,-1,-1,-1,-1,353.5,291.5,336.5,290,376.5,305.5
242,JKR,242,430,360,391,341,404.5,308.5,-1,-1,-1,-1,-1,-1,353,291,336,292.5,376,305
243,JKR,243,428,367,389,345.5,403.5,314,-1,-1,-1,-1,-1,-1,352,295,336,294.5,376.5,310.5
244,JKR,244,429,367,391,346.5,404,314.5,-1,-1,-1,-1,-1,-1,351.5,296,336,294,376.5,311.5
245,JKR,245,420.5,375,384.5,351.5,398.5,321,-1,-1,-1,-1,-1,-1,349,300.5,332.5,298,370.5,316.5
246,JKR,246,405.5,392.5,374.5,365,386.5,333,-1,-1,-1,-1,-1,-1,339,309.5,324.5,303.5,361,326.5
247,JKR,247,400,413.5,369.5,379.5,389,353.5,-1,-1,-1,-1,-1,-1,341.5,323.5,326,318.5,360.5,343.5
248,JKR,248,403.5,416,373,382.5,393,355,-1,-1,-1,-1,-1,-1,344.5,327,331,322,364.5,347
249,JKR,249,402.5,415,371,381.5,391.5,355,-1,-1,-1,-1,-1,-1,344,327,328.5,320.5,363.5,347
250,JKR,0,0,0,0,0,0,0,0,0,0,0,0,0,0,0,0,0,0,0
251,JKR,251,406.5,420.5,373.5,387.5,397.5,361,-1,-1,-1,-1,-1,-1,346,332,331,326.5,366.5,352.5
252,JKR,252,406,423,373.5,390,397.5,361,-1,-1,-1,-1,-1,-1,346,332,329.5,326,365.5,352.5
253,JKR,253,409,423.5,374.5,389,399,360,-1,-1,-1,-1,-1,-1,348,332,331,327,367,353.5
254,JKR,254,407.5,419,375,387,396,359,-1,-1,-1,-1,-1,-1,347.5,330.5,332,325.5,366,349.5
255,JKR,255,408,419,376.5,387.5,398,361,-1,-1,-1,-1,-1,-1,349,330,334,325,369,352
256,JKR,256,408,419.5,376.5,387,398.5,360,-1,-1,-1,-1,-1,-1,348.5,330,334.5,325.5,368,351
257,JKR,257,407.5,420,374.5,387.5,398,360,-1,-1,-1,-1,-1,-1,348.5,331,333,327,369,351.5
258,JKR,258,408,425,376,392.5,401,368,-1,-1,-1,-1,-1,-1,351.5,336,336.5,329.5,370.5,356.5
259,JKR,259,407.5,425,376,392,398.5,364.5,-1,-1,-1,-1,-1,-1,350.5,335.5,335.5,329,370,355
260,JKR,260,406.5,423.5,374.5,391,398.5,365,-1,-1,-1,-1,-1,-1,350.5,336,334,330.5,369,356
261,JKR,261,408.5,423.5,378,392.5,401,366.5,-1,-1,-1,-1,-1,-1,351,335,334.5,330,370.5,357
262,JKR,262,409.5,423.5,379,392.5,400.5,365.5,-1,-1,-1,-1,-1,-1,352,335.5,334,330.5,368.5,355
263,JKR,263,404,430,372.5,395,397,370.5,-1,-1,-1,-1,-1,-1,349.5,339,333.5,334.5,367.5,359.5
264,JKR,264,403.5,429.5,372.5,395.5,398,369.5,-1,-1,-1,-1,-1,-1,348.5,338.5,332.5,332.5,367.5,358
265,JKR,265,406,430,376,396.5,398.5,371,-1,-1,-1,-1,-1,-1,350,341,334,333.5,368.5,360.5
266,JKR,266,407,430.5,376.5,398,400,371.5,-1,-1,-1,-1,-1,-1,351,339.5,337,334.5,369.5,360.5
267,JKR,267,407,430,377,397,400.5,372,-1,-1,-1,-1,-1,-1,351.5,340,336,335,369.5,361.5
268,JKR,268,405,427,375.5,395,398,370,-1,-1,-1,-1,-1,-1,349.5,338.5,333,335,367.5,359
269,JKR,269,406,428.5,373.5,394.5,397.5,369.5,-1,-1,-1,-1,-1,-1,349,339.5,332,333.5,369,360
270,JKR,270,407.5,426.5,376,395,400,370.5,-1,-1,-1,-1,-1,-1,350,339,334,335,369,359.5
271,JKR,271,409,429.5,377.5,396,400,369.5,-1,-1,-1,-1,-1,-1,351.5,340,336,334.5,370,359.5
272,JKR,272,408.5,428.5,376,396.5,399.5,370.5,-1,-1,-1,-1,-1,-1,351.5,340,336,335,370.5,361
273,JKR,273,406,434,375.5,400,399.5,375,-1,-1,-1,-1,-1,-1,351,344.5,337,340.5,370,365.5
274,JKR,274,405.5,433.5,374,399.5,398,375,-1,-1,-1,-1,-1,-1,349,344.5,332.5,338.5,369,365.5
275,JKR,275,407.5,435,376.5,401,401,377,-1,-1,-1,-1,-1,-1,353,345.5,336,340,370.5,366
276,JKR,276,407.5,434.5,375,401,400,377.5,-1,-1,-1,-1,-1,-1,352.5,345,336.5,340,371.5,367
277,JKR,277,407,433.5,375,400.5,400.5,377,-1,-1,-1,-1,-1,-1,350.5,345.5,335.5,340.5,370.5,366
278,JKR,278,406,434,375.5,401.5,399,376.5,-1,-1,-1,-1,-1,-1,351.5,345.5,335,340.5,369,365.5
279,JKR,279,405,437,375,401.5,401,378.5,-1,-1,-1,-1,-1,-1,351.5,346,336,339,369.5,365.5
280,JKR,280,407.5,438,375.5,402.5,402,379,-1,-1,-1,-1,-1,-1,354,347,338,342,372,368.5
281,JKR,281,405.5,436.5,373.5,402,399.5,378,-1,-1,-1,-1,-1,-1,352,348,336.5,342,370.5,367.5
282,JKR,282,405,438,374.5,403.5,398,378,-1,-1,-1,-1,-1,-1,350.5,347,335.5,342,369.5,367.5
283,JKR,283,406,436,375.5,403,399.5,378.5,-1,-1,-1,-1,-1,-1,352.5,347.5,335,344.5,369.5,367.5
284,JKR,284,405.5,437.5,375,402.5,398.5,378,-1,-1,-1,-1,-1,-1,352,348.5,336,343,369.5,369
285,JKR,285,405,438,371.5,402.5,398.5,378.5,-1,-1,-1,-1,-1,-1,350.5,348.5,334.5,343,369,368.5
286,JKR,286,402.5,437,372.5,404.5,395.5,379.5,-1,-1,-1,-1,-1,-1,348,348.5,332.5,344,366,368.5
287,JKR,287,402.5,437,371,402.5,396.5,379.5,-1,-1,-1,-1,-1,-1,348.5,349,333.5,343.5,367,368.5
288,JKR,288,388,444.5,362.5,406,388.5,385,-1,-1,-1,-1,-1,-1,342,350,327.5,341.5,357.5,371
289,JKR,289,391,445,365,409,390,386.5,-1,-1,-1,-1,-1,-1,343.5,350.5,329,345.5,360,374
290,JKR,290,391,444.5,363,408,389,385.5,-1,-1,-1,-1,-1,-1,343.5,352,329,346,361,373.5
291,JKR,291,389.5,446,363,408,387,385.5,-1,-1,-1,-1,-1,-1,342,351.5,327.5,345,358.5,373
292,JKR,292,390.5,446.5,362,408,388,386,-1,-1,-1,-1,-1,-1,341.5,351,326.5,344,358.5,374
293,JKR,293,395.5,443.5,369.5,409,394,386.5,-1,-1,-1,-1,-1,-1,346,352.5,331.5,346,364,374
294,JKR,294,384,438.5,356,402.5,381.5,381,-1,-1,-1,-1,-1,-1,335,346.5,319,340.5,351,366.5
295,JKR,295,380.5,407,351,371,377,348.5,-1,-1,-1,-1,-1,-1,333,314.5,317,309.5,350,336.5
296,JKR,296,370,341,340.5,305,370.75,285,-1,-1,-1,-1,-1,-1,322.5,248.5,307.75,240.25,337.5,270.25
297,JKR,297,378.5,345.5,350.5,309,376.5,287,-1,-1,-1,-1,-1,-1,330,251.5,313.5,245.5,347,274.5
298,JKR,298,379.5,345.5,351.5,308,377,285.5,-1,-1,-1,-1,-1,-1,331.5,251,314.5,244,349,274
299,JKR,299,377,344.5,349,308,373,285.5,-1,-1,-1,-1,-1,-1,329.5,250.5,315,244,346,273.5
300,JKR,300,379,343,350,306.5,375.5,284,-1,-1,-1,-1,-1,-1,329.5,250.5,314.5,244,347,272
301,JKR,301,381,346.5,351.5,309.5,379,287.5,-1,-1,-1,-1,-1,-1,332.5,253,316,247.5,347.5,274.5
302,JKR,302,383,344.5,353,309.5,379,288,-1,-1,-1,-1,-1,-1,333.5,252.5,318.5,248.5,350,275
303,JKR,303,383,345,353.5,310,379,287,-1,-1,-1,-1,-1,-1,333,253,318,247.5,351,274.5
304,JKR,304,384,345,355,309.5,379,287.5,-1,-1,-1,-1,-1,-1,333.5,253,318,248.5,351.5,275.5
305,JKR,305,387,345.5,356.5,310,381,287,-1,-1,-1,-1,-1,-1,336,253.5,319.5,249,351.5,275
306,JKR,306,388,345.5,359,310,383,287.5,-1,-1,-1,-1,-1,-1,337.5,254,322,248.5,354,275
307,JKR,307,388.5,345,357.5,310.5,381.5,285.5,-1,-1,-1,-1,-1,-1,337,253.5,321.5,248.5,353.5,273.5
308,JKR,308,387.5,345.5,359,311.5,382,285.5,-1,-1,-1,-1,-1,-1,336.5,253.5,319.5,249.5,353.5,274.5
309,JKR,309,389,345.5,359,311.5,383,286.5,-1,-1,-1,-1,-1,-1,336.5,253.5,321,248.5,355,275.5
310,JKR,310,390,345.5,361,312,383.5,286,-1,-1,-1,-1,-1,-1,338,254.5,321,248.5,355,274.5
311,JKR,311,390,345.5,361,312,384.5,287.5,-1,-1,-1,-1,-1,-1,339,255,324,251,357,276.5
312,JKR,312,390.5,347,359,312.5,384,288.5,-1,-1,-1,-1,-1,-1,339.5,255.5,323,251,356.5,277.5
313,JKR,313,388.5,346.5,358.5,313,384,289,-1,-1,-1,-1,-1,-1,340,254.5,323,250.5,356,277.5
314,JKR,314,389.5,347,360.5,313,384.5,289.5,-1,-1,-1,-1,-1,-1,340.5,256,323,249.5,357,277.5
315,JKR,315,390,346.5,361,314.5,385,290,-1,-1,-1,-1,-1,-1,340,254.5,325,251,357.5,277
316,JKR,316,387,345,357.5,312.5,382.5,288.5,-1,-1,-1,-1,-1,-1,338,254,322,250,354,276.5
317,JKR,317,385.5,346.5,356,311.5,381,287,-1,-1,-1,-1,-1,-1,336.5,253.5,320.5,248,353,276.5
318,JKR,318,370.5,356,346.5,317,371.5,296,-1,-1,-1,-1,-1,-1,327.5,259,313.5,250,343.5,280
319,JKR,0,0,0,0,0,0,0,0,0,0,0,0,0,0,0,0,0,0,0
320,JKR,320,373,356.5,348,319,374,298,-1,-1,-1,-1,-1,-1,331.5,260.5,316,254,345.5,282
321,JKR,321,373,357.5,347.5,320,374.5,298.5,-1,-1,-1,-1,-1,-1,331.5,261.5,316.5,255,345.5,283
322,JKR,322,375,356.5,349.5,321.5,376.5,301.5,-1,-1,-1,-1,-1,-1,333.5,262,317.5,256.5,347.5,285.5
323,JKR,323,378,360,352,322.5,379,301,-1,-1,-1,-1,-1,-1,336,264.5,321.5,258.5,350,286
324,JKR,324,377.5,360.5,351.5,322,377.5,300,-1,-1,-1,-1,-1,-1,335,264,319.5,257,349,286
325,JKR,325,376.5,360.5,352,325,378,303,-1,-1,-1,-1,-1,-1,335.5,265.5,319,260,349.5,287
326,JKR,326,376,362,349.5,326,376.5,304.5,-1,-1,-1,-1,-1,-1,335,267.5,319,261,348.5,290.5
327,JKR,327,377,362.5,351.5,326.5,378,305,-1,-1,-1,-1,-1,-1,336.5,269,320.5,261.5,350,290
328,JKR,328,379,362,352,324.5,380.5,304.5,-1,-1,-1,-1,-1,-1,338.5,265,323,259,353.5,289
329,JKR,329,364,364,342,325.5,367.5,306.5,-1,-1,-1,-1,-1,-1,325,265.5,310.5,258,340,287.5
330,JKR,330,391,359.5,358.5,325.5,384.5,302,-1,-1,-1,-1,-1,-1,341,271,322.5,263,358,293.5
331,JKR,331,407.5,331,369,311,386,277,-1,-1,-1,-1,-1,-1,344.5,262.5,325.5,260,364,277
332,JKR,332,404.5,331.5,366.5,309.5,384.5,280.5,-1,-1,-1,-1,-1,-1,340,262.5,323,262,360,277.5
333,JKR,333,401.5,335.5,365,312.5,383,285,-1,-1,-1,-1,-1,-1,338.5,267,319.5,266,358,282.5
334,JKR,334,400,337,363.5,313,383.5,283.5,-1,-1,-1,-1,-1,-1,337,267,318,265.5,357,283.5
335,JKR,335,398,343.5,362.5,317,382,288.5,-1,-1,-1,-1,-1,-1,340.5,264.5,321.5,261.5,358,282.5
336,JKR,336,386,348,355.5,318,377,292.5,-1,-1,-1,-1,-1,-1,331,263,315.5,256,349.5,281.5
337,JKR,337,345,360.5,-1,-1,353.5,303.5,-1,-1,-1,-1,-1,-1,313,263.5,301,254,324.5,283.5
338,JKR,338,371,363,342.5,327.5,370.5,307,-1,-1,-1,-1,-1,-1,329,269.5,311,262.5,342,291
339,JKR,339,381,359,350.5,326,377.5,302,-1,-1,-1,-1,-1,-1,335,268,317.5,263,350.5,289
340,JKR,340,381.5,359,350.5,324.5,376.5,300.5,-1,-1,-1,-1,-1,-1,334,267.5,317,262.5,351,289.5
341,JKR,341,351,367,-1,-1,358.5,309.5,-1,-1,-1,-1,-1,-1,317,269.5,304.5,260,331,290
342,JKR,342,367,363.5,341,327.5,368,307,-1,-1,-1,-1,-1,-1,325,270.5,309.5,263.5,340.5,292.5
343,JKR,343,367,362,339.5,326.5,366,304,-1,-1,-1,-1,-1,-1,324,270,309,264,339.5,291.5
344,JKR,344,368.5,362.5,341,325.5,367,305,-1,-1,-1,-1,-1,-1,325,270.5,309.5,263.5,340.5,292
345,JKR,345,324.5,391,313.5,344.5,347.5,337.5,-1,-1,-1,-1,-1,-1,314.5,288,303,273.5,322,309.5
346,JKR,346,338.5,403.5,327,356.5,360,345,-1,-1,-1,-1,-1,-1,327.5,296,313.5,280.5,335,320.5
347,JKR,0,0,0,0,0,0,0,0,0,0,0,0,0,0,0,0,0,0,0
348,JKR,0,0,0,0,0,0,0,0,0,0,0,0,0,0,0,0,0,0,0
349,JKR,0,0,0,0,0,0,0,0,0,0,0,0,0,0,0,0,0,0,0
350,JKR,0,0,0,0,0,0,0,0,0,0,0,0,0,0,0,0,0,0,0
351,JKR,351,347,169.5,310,159,312.5,126.5,-1,-1,-1,-1,-1,-1,276,118,255.5,123.5,297,127
352,JKR,0,0,0,0,0,0,0,0,0,0,0,0,0,0,0,0,0,0,0
353,JKR,0,0,0,0,0,0,0,0,0,0,0,0,0,0,0,0,0,0,0
354,JKR,0,0,0,0,0,0,0,0,0,0,0,0,0,0,0,0,0,0,0
355,JKR,355,226,182,185,162,199.5,130,-1,-1,-1,-1,-1,-1,146.5,114.5,127.5,116,172.5,129.5
356,JKR,0,0,0,0,0,0,0,0,0,0,0,0,0,0,0,0,0,0,0
357,JKR,0,0,0,0,0,0,0,0,0,0,0,0,0,0,0,0,0,0,0
358,JKR,0,0,0,0,0,0,0,0,0,0,0,0,0,0,0,0,0,0,0
359,JKR,359,429,219,390.5,200.5,402.5,167.5,-1,-1,-1,-1,-1,-1,360,152.5,340.5,152,381,165.5
360,JKR,360,324,224,297.5,215.5,298,183,-1,-1,-1,-1,-1,-1,281.5,174.5,267,179.5,294,185
361,JKR,361,332.5,255.5,305.5,247.5,303,214.5,-1,-1,-1,-1,-1,-1,286.5,208,273,212.5,300,217.5
362,JKR,362,314,277.5,292,262.5,300.5,231.5,-1,-1,-1,-1,-1,-1,295,219,283,219,298,234
363,JKR,0,0,0,0,0,0,0,0,0,0,0,0,0,0,0,0,0,0,0
364,JKR,0,0,0,0,0,0,0,0,0,0,0,0,0,0,0,0,0,0,0
365,JKR,0,0,0,0,0,0,0,0,0,0,0,0,0,0,0,0,0,0,0
366,JKR,366,345.5,339.5,329.5,311,348,287.5,-1,-1,-1,-1,-1,-1,342.5,268,330,261.5,342,286.5
367,JKR,0,0,0,0,0,0,0,0,0,0,0,0,0,0,0,0,0,0,0
368,JKR,0,0,0,0,0,0,0,0,0,0,0,0,0,0,0,0,0,0,0
369,JKR,0,0,0,0,0,0,0,0,0,0,0,0,0,0,0,0,0,0,0
370,JKR,370,397.5,279.5,354.5,270,363.5,235,-1,-1,-1,-1,-1,-1,318.5,228,298,233.5,341.5,239.5
371,JKR,0,0,0,0,0,0,0,0,0,0,0,0,0,0,0,0,0,0,0
372,JKR,0,0,0,0,0,0,0,0,0,0,0,0,0,0,0,0,0,0,0
373,JKR,0,0,0,0,0,0,0,0,0,0,0,0,0,0,0,0,0,0,0
374,JKR,0,0,0,0,0,0,0,0,0,0,0,0,0,0,0,0,0,0,0
375,JKR,0,0,0,0,0,0,0,0,0,0,0,0,0,0,0,0,0,0,0
376,JKR,376,-1,-1,342.5,450,376.5,440.5,-1,-1,-1,-1,-1,-1,355,393.5,340,373,360.5,419
377,JKR,377,312,356.5,280,327.5,304.5,297.5,-1,-1,-1,-1,-1,-1,264,267.5,246.5,262.5,282.5,290
378,JKR,378,322,340,293,305.5,321.5,283.5,-1,-1,-1,-1,-1,-1,282.5,248,264,239,297.5,272
379,JKR,379,327,415.5,312,368,347,361.5,-1,-1,-1,-1,-1,-1,322.5,312.5,306.5,296.5,329,338
380,JKR,0,0,0,0,0,0,0,0,0,0,0,0,0,0,0,0,0,0,0
381,JKR,381,330,132,284.5,137.5,281.5,105.5,-1,-1,-1,-1,-1,-1,230,116,214.5,128,258.5,117.5
382,JKR,382,338.5,197,292.5,192,296.5,157.5,-1,-1,-1,-1,-1,-1,241.5,158,223.5,166,268,164.5
383,JKR,383,354.5,287,313.5,277,319,243.5,-1,-1,-1,-1,-1,-1,274,234,256,241,297.5,245
384,JKR,384,340.5,278,301.5,269,306.5,237,-1,-1,-1,-1,-1,-1,261.5,226.5,243.5,230.5,285,237.5
385,JKR,385,294.5,280,270,272,272.5,240.5,-1,-1,-1,-1,-1,-1,257.5,235.5,245,242,268,246
386,JKR,386,290.5,256,257,249,258.5,218,-1,-1,-1,-1,-1,-1,228,211.5,213,217.5,246.5,223
387,JKR,387,294.5,317.5,264,299,280.5,269,-1,-1,-1,-1,-1,-1,252.5,251.5,234,247.5,265.5,268
388,JKR,388,330.5,336,295,310.5,317.5,286.5,-1,-1,-1,-1,-1,-1,280,270,262.5,266.5,297,284.5
389,JKR,389,381,305.5,346,289,355.5,259.5,-1,-1,-1,-1,-1,-1,320.5,249.5,302.5,250.5,339.5,261.5
390,JKR,0,0,0,0,0,0,0,0,0,0,0,0,0,0,0,0,0,0,0
391,JKR,391,365.5,368,329.5,347,344.5,320,-1,-1,-1,-1,-1,-1,311,297,293,294.5,328.5,314.5
392,JKR,392,364.5,371,330,349,345,323.5,-1,-1,-1,-1,-1,-1,310.5,299.5,292,298.5,326.5,318.5
393,JKR,0,0,0,0,0,0,0,0,0,0,0,0,0,0,0,0,0,0,0
394,JKR,0,0,0,0,0,0,0,0,0,0,0,0,0,0,0,0,0,0,0
395,JKR,0,0,0,0,0,0,0,0,0,0,0,0,0,0,0,0,0,0,0
396,JKR,0,0,0,0,0,0,0,0,0,0,0,0,0,0,0,0,0,0,0
397,JKR,0,0,0,0,0,0,0,0,0,0,0,0,0,0,0,0,0,0,0
398,JKR,398,264.5,258,230,247.5,237,215.5,-1,-1,-1,-1,-1,-1,207.5,213.5,189.5,218,224,222
399,JKR,399,437,320.5,402,298,418.5,272,-1,-1,-1,-1,-1,-1,382,256,362.5,255,399.5,269
400,JKR,0,0,0,0,0,0,0,0,0,0,0,0,0,0,0,0,0,0,0
401,JKR,0,0,0,0,0,0,0,0,0,0,0,0,0,0,0,0,0,0,0
402,JKR,0,0,0,0,0,0,0,0,0,0,0,0,0,0,0,0,0,0,0
403,JKR,0,0,0,0,0,0,0,0,0,0,0,0,0,0,0,0,0,0,0
404,JKR,404,398.5,350.5,360.5,326.5,378,300.5,-1,-1,-1,-1,-1,-1,330.5,282,311.5,279.5,351,297.5
405,JKR,405,385.5,229,347,230,344.5,199.5,-1,-1,-1,-1,-1,-1,305,210,289,220,327.5,212.5
406,JKR,406,381.5,215.5,340.5,217,336,185.5,-1,-1,-1,-1,-1,-1,287,195,271.5,204.5,313,196
407,JKR,407,381.5,215.5,339,217,336.5,185.5,-1,-1,-1,-1,-1,-1,286,194,271,203.5,312.5,195.5
408,JKR,408,369.5,185.5,330.5,197,320.5,167.5,-1,-1,-1,-1,-1,-1,279.5,181.5,266.5,195.5,303.5,181.5
409,JKR,409,377.5,235,335.5,232.5,336,201,-1,-1,-1,-1,-1,-1,286.5,200.5,270.5,209,312.5,207
410,JKR,410,379,234.5,336.5,231.5,339.5,200,-1,-1,-1,-1,-1,-1,288,199.5,272,207,313.5,206.5
411,JKR,411,379.5,235.5,339.5,231.5,339.5,200,-1,-1,-1,-1,-1,-1,289.5,200,272,206.5,315.5,207
412,JKR,412,376.5,248.5,336,242,340,207,-1,-1,-1,-1,-1,-1,289.5,202.5,272.5,207,315,210.5
413,JKR,413,358.5,225.5,324,221.5,327,189.5,-1,-1,-1,-1,-1,-1,272.5,186.5,258.5,194.5,297.5,195
414,JKR,414,361,224,326.5,220.5,330.5,188.5,-1,-1,-1,-1,-1,-1,274,184,260.5,193.5,299,191.5
415,JKR,415,368.5,237.5,335,226.5,341.5,191.5,-1,-1,-1,-1,-1,-1,288.5,184.5,275.5,190,311,194
416,JKR,416,355.5,250,-1,-1,337.5,202,-1,-1,-1,-1,-1,-1,286,188.5,276.5,193,308,202
417,JKR,417,354,251,-1,-1,338,203.5,285.5,190,275.5,194,306.5,201.5,386.5,263,349,246,360.5,215
418,JKR,418,386.5,263,349,246,360.5,215,-1,-1,-1,-1,-1,-1,306.5,200.5,289.5,204,331.5,214
419,JKR,419,388,263,350.5,246,361.5,213,-1,-1,-1,-1,-1,-1,306.5,201,291,204,331.5,213
420,JKR,420,382,250,352,241.5,361.5,209.5,-1,-1,-1,-1,-1,-1,307.5,195.5,294,200.5,330.5,206
421,JKR,421,384,252.5,353,245,363.5,212,-1,-1,-1,-1,-1,-1,308.5,198.5,293.5,203.5,331.5,210
422,JKR,422,321.5,291.5,-1,-1,298.5,254,-1,-1,-1,-1,-1,-1,249.5,252,239.5,258.5,271.5,258.5
423,JKR,423,338.5,325,308.5,314.5,314.5,283,-1,-1,-1,-1,-1,-1,266.5,271,252,272,289.5,282
424,JKR,424,331,328,-1,-1,311.5,286,-1,-1,-1,-1,-1,-1,264,274,251,276,286,286
425,JKR,425,299,323,-1,-1,291.5,285.5,-1,-1,-1,-1,-1,-1,245.5,273,238,274.5,264.5,285
426,JKR,426,344,341.5,-1,-1,322.5,298.5,-1,-1,-1,-1,-1,-1,271,285,257,288,292.5,296.5
427,JKR,427,336.5,351,-1,-1,321,305,-1,-1,-1,-1,-1,-1,271.5,286,256.5,286.5,292.5,301
428,JKR,428,308,321,-1,-1,295,278,-1,-1,-1,-1,-1,-1,244.5,264,233.5,268.5,264,276.5
429,JKR,0,0,0,0,0,0,0,0,0,0,0,0,0,0,0,0,0,0,0
430,JKR,0,0,0,0,0,0,0,0,0,0,0,0,0,0,0,0,0,0,0
431,JKR,0,0,0,0,0,0,0,0,0,0,0,0,0,0,0,0,0,0,0
432,JKR,0,0,0,0,0,0,0,0,0,0,0,0,0,0,0,0,0,0,0
433,JKR,0,0,0,0,0,0,0,0,0,0,0,0,0,0,0,0,0,0,0
434,JKR,0,0,0,0,0,0,0,0,0,0,0,0,0,0,0,0,0,0,0
435,JKR,0,0,0,0,0,0,0,0,0,0,0,0,0,0,0,0,0,0,0
436,JKR,0,0,0,0,0,0,0,0,0,0,0,0,0,0,0,0,0,0,0
437,JKR,0,0,0,0,0,0,0,0,0,0,0,0,0,0,0,0,0,0,0
438,JKR,0,0,0,0,0,0,0,0,0,0,0,0,0,0,0,0,0,0,0
439,JKR,0,0,0,0,0,0,0,0,0,0,0,0,0,0,0,0,0,0,0
440,JKR,0,0,0,0,0,0,0,0,0,0,0,0,0,0,0,0,0,0,0
441,JKR,441,443.5,384,395.5,334.5,432,291,-1,-1,-1,-1,-1,-1,349.5,245.5,328.5,238,381,278.5
442,JKR,0,0,0,0,0,0,0,0,0,0,0,0,0,0,0,0,0,0,0
443,JKR,0,0,0,0,0,0,0,0,0,0,0,0,0,0,0,0,0,0,0
444,JKR,444,380,322,-1,-1,346,243,-1,-1,-1,-1,-1,-1,257,218.5,234,212.5,295,242.5
445,JKR,445,393,336.5,-1,-1,355.5,255,-1,-1,-1,-1,-1,-1,268.5,232,245.5,228.5,311,256.5
446,JKR,0,0,0,0,0,0,0,0,0,0,0,0,0,0,0,0,0,0,0
447,JKR,447,409.5,322,-1,-1,378.5,237,-1,-1,-1,-1,-1,-1,288.5,205,269,200,329,232.5
448,JKR,448,405,326.5,-1,-1,371,240,-1,-1,-1,-1,-1,-1,282.5,212,260,205,322.5,237
449,JKR,449,406,327.5,357,298.5,371.5,240.5,-1,-1,-1,-1,-1,-1,281.5,210,260,202,322.5,236
450,JKR,450,399.5,336.5,354.5,306,370.5,247.5,-1,-1,-1,-1,-1,-1,282.5,214.5,262.5,206.5,320,242
451,JKR,451,397.5,338.5,-1,-1,368,251,-1,-1,-1,-1,-1,-1,280.5,218,259,213,319.5,245.5
452,JKR,452,386,342,-1,-1,363,254,-1,-1,-1,-1,-1,-1,275.5,215.5,255.5,206.5,314,244.5
453,JKR,453,-1,-1,366,254.5,-1,-1,-1,-1,-1,-1,277.5,215.5,259.5,209.5,318,248.5,398,342.5
454,JKR,454,398,342.5,-1,-1,371,255,-1,-1,-1,-1,-1,-1,285,219,261.5,211,322.5,248.5
455,JKR,455,407.5,340.5,358,311.5,373.5,253,-1,-1,-1,-1,-1,-1,286,222.5,264,216,325.5,247.5
456,JKR,456,407,345,357,316.5,373.5,257.5,-1,-1,-1,-1,-1,-1,286.5,225,264.5,218,326,251
457,JKR,457,404,342,-1,-1,376,254,-1,-1,-1,-1,-1,-1,288.5,219,265.5,210,328.5,247.5
458,JKR,458,412,348.5,359,317,378.5,259,-1,-1,-1,-1,-1,-1,290.5,229,266.5,219,330.5,257
459,JKR,459,408.5,351.5,358,320.5,375,263,-1,-1,-1,-1,-1,-1,287.5,231,263.5,225.5,327,259.5
460,JKR,460,410.5,350.5,360.5,322.5,375,262,-1,-1,-1,-1,-1,-1,289,233,265,223,328.5,259
461,JKR,461,411.5,349.5,356,318.5,378.5,258,-1,-1,-1,-1,-1,-1,293.5,226,269.5,217,330.5,253.5
462,JKR,462,410.5,351.5,360.5,319.5,379.5,262.5,-1,-1,-1,-1,-1,-1,292,228,266,219,331,256.5
463,JKR,463,428,330,366,304,388.5,245.5,-1,-1,-1,-1,-1,-1,308,219,278.5,212.5,343.5,244.5
464,JKR,464,422,342.5,365,315,388,256.5,-1,-1,-1,-1,-1,-1,306,227,273.5,221.5,343.5,255.5
465,JKR,465,417.5,348,360.5,319,384,259.5,-1,-1,-1,-1,-1,-1,299.5,227,269.5,220,336,256
466,JKR,466,418.5,343.5,364,313,387,253.5,-1,-1,-1,-1,-1,-1,301,219,275,211.5,341,248
467,JKR,467,411,351,357,320.5,379,263.5,-1,-1,-1,-1,-1,-1,294.5,229.5,263.5,222.5,332,258.5
468,JKR,468,392.5,344.5,-1,-1,364,251,-1,-1,-1,-1,-1,-1,279,211.5,255.5,204.5,316,240.5
469,JKR,469,393,348.5,-1,-1,367,255,-1,-1,-1,-1,-1,-1,278.5,216.5,256.5,210,317.5,248
470,JKR,470,397.5,343.5,348.5,312,370,253,-1,-1,-1,-1,-1,-1,283,215.5,260.5,207,321.5,244.5
471,JKR,471,405,345.5,355.5,315,375.5,254.5,-1,-1,-1,-1,-1,-1,292.5,217,267,209.5,329.5,246.5
472,JKR,472,404,353.5,355.5,322,375.5,266,-1,-1,-1,-1,-1,-1,291.5,227,271.5,216.5,328.5,254.5
473,JKR,473,406,356.5,358,325,377,265,-1,-1,-1,-1,-1,-1,293.5,228.5,270.5,221,330,259.5
474,JKR,474,407,356.5,358,325,378.5,267,-1,-1,-1,-1,-1,-1,294.5,229.5,271.5,222,331.5,260.5
475,JKR,475,409,357,358.5,324.5,379.5,267,-1,-1,-1,-1,-1,-1,296.5,229,273,221,334,259.5
476,JKR,476,414,365.5,364,333,387,278.5,-1,-1,-1,-1,-1,-1,302,239,277.5,230,337,268.5
477,JKR,477,415,363,366.5,329.5,389.5,273.5,-1,-1,-1,-1,-1,-1,308,233.5,285.5,225,346,267
478,JKR,478,418.5,365,364.5,328.5,393,273.5,-1,-1,-1,-1,-1,-1,311.5,233.5,286,227,347,264.5
479,JKR,479,416.5,371,367.5,338,390.5,281,-1,-1,-1,-1,-1,-1,309,241,287,235,345,272.5
480,JKR,480,417.5,372,371,339.5,394.5,283.5,-1,-1,-1,-1,-1,-1,312.5,241.5,288.5,233.5,349,274
481,JKR,481,418,375.5,367.5,342,394.5,286,-1,-1,-1,-1,-1,-1,311.5,245,286.5,238,347,275
482,JKR,482,419,375,369.5,341,393.5,285,-1,-1,-1,-1,-1,-1,312.5,246,289.5,238,347,275.5
483,JKR,483,420.5,369.5,367.5,334.5,393.5,278.5,-1,-1,-1,-1,-1,-1,314.5,240,291,232.5,349.5,270
484,JKR,484,423.5,377,372.5,342,399,284.5,-1,-1,-1,-1,-1,-1,318,244.5,293,235.5,351.5,276.5
485,JKR,485,421.5,380,371.5,345.5,398,288,-1,-1,-1,-1,-1,-1,314,248,288.5,237.5,349.5,279
486,JKR,486,420.5,379,369.5,344,395.5,288,-1,-1,-1,-1,-1,-1,314,247.5,288.5,238.5,350,278.5
487,JKR,487,423.5,375.5,371.5,342,396.5,287.5,-1,-1,-1,-1,-1,-1,313.5,254,285,244.5,350.5,282
488,JKR,488,423.5,379.5,368,344,393.5,287.5,-1,-1,-1,-1,-1,-1,311.5,255,286.5,248.5,350,284.5
489,JKR,489,420,372.5,368.5,339.5,392.5,284.5,-1,-1,-1,-1,-1,-1,312.5,250,284,241,348.5,281
490,JKR,490,437.5,333,376.5,308.5,391.5,250,-1,-1,-1,-1,-1,-1,307,234,275.5,223.5,347.5,255.5
491,JKR,491,427,338,366,313,383.5,255.5,-1,-1,-1,-1,-1,-1,295.5,239,268,232,339.5,258
492,JKR,492,414,340,358,309,376.5,251.5,-1,-1,-1,-1,-1,-1,286,229,259,221,329.5,252.5
493,JKR,493,418,332,359,300,377.5,243,-1,-1,-1,-1,-1,-1,288.5,218,262,212,331.5,244.5
494,JKR,494,412,327.5,356,295,377.5,236.5,-1,-1,-1,-1,-1,-1,288.5,207,261,199,327,236.5
495,JKR,495,415.5,320.5,359.5,288.5,380,230.5,-1,-1,-1,-1,-1,-1,292,202,266,191.5,330,225
496,JKR,496,409.5,325,354.5,290.5,375,232.5,-1,-1,-1,-1,-1,-1,288.5,201.5,264,193,329,228
497,JKR,497,408.5,318.5,353,286,374.5,226.5,-1,-1,-1,-1,-1,-1,288,196.5,260,185,330,225.5
498,JKR,498,408.5,320,-1,-1,373.5,228,286.5,196,262,185.5,327.5,222,409,318,-1,-1,374.5,225
499,JKR,499,409,318,-1,-1,374.5,225,288,195,261,186,326.5,224.5,405.5,317.5,350,286,373,226
500,JKR,500,405.5,317.5,350,286,373,226,-1,-1,-1,-1,-1,-1,286,191.5,258.5,185,325.5,222.5
501,JKR,501,404.5,310,353,280.5,375.5,220.5,-1,-1,-1,-1,-1,-1,286.5,186.5,261.5,177,324.5,216.5
502,JKR,502,404,307,352,278,369.5,217.5,-1,-1,-1,-1,-1,-1,285,183,256.5,172,323.5,214.5
503,JKR,503,400,311.5,345.5,278,366,218,-1,-1,-1,-1,-1,-1,282,185.5,252.5,176,321,216
504,JKR,0,0,0,0,0,0,0,0,0,0,0,0,0,0,0,0,0,0,0
505,JKR,0,0,0,0,0,0,0,0,0,0,0,0,0,0,0,0,0,0,0
506,JKR,0,0,0,0,0,0,0,0,0,0,0,0,0,0,0,0,0,0,0
507,JKR,507,389.5,303.5,334,271,359.5,212,-1,-1,-1,-1,-1,-1,273.5,175,247,164.5,310.5,207
508,JKR,0,0,0,0,0,0,0,0,0,0,0,0,0,0,0,0,0,0,0
509,JKR,509,385.5,307,-1,-1,350,217,260.5,185.5,227,174.5,301.5,215.5,383.5,299.5,-1,-1,349,209
510,JKR,510,383.5,299.5,-1,-1,349,209,-1,-1,-1,-1,-1,-1,262.5,174,231,168,302,207.5
511,JKR,0,0,0,0,0,0,0,0,0,0,0,0,0,0,0,0,0,0,0
512,JKR,512,401.5,328,-1,-1,366,235,-1,-1,-1,-1,-1,-1,281,199.5,248.5,188.5,317,233.5
513,JKR,513,409.5,347.5,-1,-1,375.5,256,-1,-1,-1,-1,-1,-1,289,219.5,258,211.5,329,252.5
514,JKR,514,393,347,-1,-1,361,254.5,-1,-1,-1,-1,-1,-1,276,214.5,248.5,208,313.5,248.5
515,JKR,515,393,339,-1,-1,361.5,247.5,-1,-1,-1,-1,-1,-1,276,210.5,245,202.5,313,241
516,JKR,516,389.5,340.5,-1,-1,359,250.5,-1,-1,-1,-1,-1,-1,272.5,210.5,244.5,206.5,312,242.5
517,JKR,0,0,0,0,0,0,0,0,0,0,0,0,0,0,0,0,0,0,0
518,JKR,0,0,0,0,0,0,0,0,0,0,0,0,0,0,0,0,0,0,0
519,JKR,519,410,383,353,355,381,294,-1,-1,-1,-1,-1,-1,301,251,268,242.5,337,287.5
520,JKR,520,400.5,382.5,343,352,372,295,-1,-1,-1,-1,-1,-1,293.5,248.5,258,238.5,329,292
521,JKR,0,0,0,0,0,0,0,0,0,0,0,0,0,0,0,0,0,0,0
522,JKR,522,391,383.5,334,353,368,297,-1,-1,-1,-1,-1,-1,283,246,250.5,234.5,315.5,283.5
523,JKR,523,408.5,386,346.5,353,375,290.5,-1,-1,-1,-1,-1,-1,295,249,261.5,241,333,289
524,JKR,524,408,388.5,347,357,374,291.5,-1,-1,-1,-1,-1,-1,296.5,250.5,260.5,241.5,331.5,284.5
525,JKR,525,399.5,396.5,340,362,370.5,301,-1,-1,-1,-1,-1,-1,292.5,252,260.5,236,326.5,291.5
526,JKR,0,0,0,0,0,0,0,0,0,0,0,0,0,0,0,0,0,0,0
527,JKR,0,0,0,0,0,0,0,0,0,0,0,0,0,0,0,0,0,0,0
528,JKR,528,393.5,402,334.5,368.5,367,309,-1,-1,-1,-1,-1,-1,287,259,250.5,246.5,319.5,298
529,JKR,529,391.5,403.5,334,369.5,365.5,311.5,-1,-1,-1,-1,-1,-1,284.5,263.5,250.5,249.5,314.5,295
530,JKR,530,394,405,333.5,368,364,307.5,-1,-1,-1,-1,-1,-1,281.5,261,250.5,248.5,316,301.5
531,JKR,531,392.5,393,332.5,355.5,366.5,301,-1,-1,-1,-1,-1,-1,281,252.5,248.5,241,318,296.5
532,JKR,532,408,370,344,334,382,276,-1,-1,-1,-1,-1,-1,297,228,260.5,214.5,329.5,262
533,JKR,533,458,377,397,339,429.5,278,-1,-1,-1,-1,-1,-1,350.5,232,315.5,220.5,381.5,272.5
534,JKR,534,451,387.5,390.5,348.5,427.5,293.5,-1,-1,-1,-1,-1,-1,343.5,243,309,224.5,374,279
535,JKR,535,450,388.5,386.5,347.5,427,294,-1,-1,-1,-1,-1,-1,344,242,310,226,373.5,283
536,JKR,536,448.5,384,388,349,426,296.5,-1,-1,-1,-1,-1,-1,343,240.5,306,224.5,371.5,280
537,JKR,0,0,0,0,0,0,0,0,0,0,0,0,0,0,0,0,0,0,0
538,JKR,538,436,369,381,335.5,417,280,-1,-1,-1,-1,-1,-1,332,226,302,214,365,265.5
539,JKR,539,437,374,381.5,338.5,414.5,281,-1,-1,-1,-1,-1,-1,332.5,231.5,301.5,221.5,367.5,271
540,JKR,540,437,383,382.5,345,420,289.5,-1,-1,-1,-1,-1,-1,334,235,306.5,222,367.5,271
541,JKR,0,0,0,0,0,0,0,0,0,0,0,0,0,0,0,0,0,0,0
542,JKR,0,0,0,0,0,0,0,0,0,0,0,0,0,0,0,0,0,0,0
543,JKR,543,439,367,382,331.5,416.5,271,-1,-1,-1,-1,-1,-1,334.5,221.5,306,211,365.5,259
544,JKR,544,431.5,365,-1,-1,408,272.5,-1,-1,-1,-1,-1,-1,330,221,306,210.5,365,258
545,JKR,545,434,367,-1,-1,413.5,275,-1,-1,-1,-1,-1,-1,332.5,222.5,305.5,209.5,362.5,261.5
546,JKR,546,434.5,373,-1,-1,413.5,282,-1,-1,-1,-1,-1,-1,331,226.5,305.5,216,363,265.5
547,JKR,547,447.5,374.5,392,336.5,422.5,283,-1,-1,-1,-1,-1,-1,341.5,230,313.5,217.5,373.5,269.5
548,JKR,548,449.5,366.5,394.5,330.5,425.5,274,-1,-1,-1,-1,-1,-1,345.5,225,318,212,379,262.5
549,JKR,549,449.5,335.5,392.5,298.5,428,241,-1,-1,-1,-1,-1,-1,346,192.5,318,176,376.5,228
550,JKR,550,444.5,335.5,388.5,296,424,239.5,-1,-1,-1,-1,-1,-1,340.5,190,315.5,175,374.5,231
551,JKR,551,454.5,316,397,274,434,222,-1,-1,-1,-1,-1,-1,349,170,320.5,151.5,383.5,211
552,JKR,552,456,291.5,-1,-1,433,199,-1,-1,-1,-1,-1,-1,346,151.5,319,139,384.5,193
553,JKR,0,0,0,0,0,0,0,0,0,0,0,0,0,0,0,0,0,0,0
554,JKR,554,447.5,295,-1,-1,423.5,198,-1,-1,-1,-1,-1,-1,339.5,148.5,311,137.5,375.5,188
555,JKR,555,441,309.5,-1,-1,419.5,221,-1,-1,-1,-1,-1,-1,335,170,305,157.5,366.5,207
556,JKR,556,436,384.5,381.5,348.5,418,296,-1,-1,-1,-1,-1,-1,338,239,309.5,222,366.5,278
557,JKR,557,452,394.5,394,357.5,435,303,-1,-1,-1,-1,-1,-1,359,242.5,330,230.5,390,285.5
558,JKR,558,478.5,377,413,339.5,452.5,282.5,-1,-1,-1,-1,-1,-1,374.5,231,343,215,410,276
559,JKR,559,468,391.5,413,351,450,295.5,-1,-1,-1,-1,-1,-1,375,238,349,221,409,286
560,JKR,0,0,0,0,0,0,0,0,0,0,0,0,0,0,0,0,0,0,0
561,JKR,561,418.5,331.5,359.5,291,401,233,-1,-1,-1,-1,-1,-1,328.5,179,298,162.5,358,220
562,JKR,562,418,327.5,360,284,400,234.5,-1,-1,-1,-1,-1,-1,330.5,170.5,299,149.5,358.5,218
563,JKR,563,419,296,357,254,397.5,199.5,-1,-1,-1,-1,-1,-1,323,142,292.5,122.5,358.5,189.5
564,JKR,0,0,0,0,0,0,0,0,0,0,0,0,0,0,0,0,0,0,0
565,JKR,0,0,0,0,0,0,0,0,0,0,0,0,0,0,0,0,0,0,0
566,JKR,0,0,0,0,0,0,0,0,0,0,0,0,0,0,0,0,0,0,0
567,JKR,0,0,0,0,0,0,0,0,0,0,0,0,0,0,0,0,0,0,0
568,JKR,0,0,0,0,0,0,0,0,0,0,0,0,0,0,0,0,0,0,0
569,JKR,0,0,0,0,0,0,0,0,0,0,0,0,0,0,0,0,0,0,0
570,JKR,570,374,343.5,313.5,301,353,242,-1,-1,-1,-1,-1,-1,270,195,240.5,183.5,301,234
571,JKR,571,375,332,315.5,293.5,349,238.5,-1,-1,-1,-1,-1,-1,266.5,188.5,239.5,176,301.5,225
572,JKR,572,381.5,332.5,327.5,293,357.5,240.5,-1,-1,-1,-1,-1,-1,277.5,188,249,175.5,310,224
573,JKR,573,382,337,325,297.5,359,239,-1,-1,-1,-1,-1,-1,279.5,193.5,250,180,311,230.5
574,JKR,0,0,0,0,0,0,0,0,0,0,0,0,0,0,0,0,0,0,0
575,JKR,575,397.5,337,336,297.5,373.5,242,-1,-1,-1,-1,-1,-1,298,194,271,180,330,233.5
576,JKR,576,417,337.5,357.5,297,394,239.5,-1,-1,-1,-1,-1,-1,319,198.5,290,184.5,351.5,232.5
577,JKR,577,419.5,354.5,-1,-1,397.5,262.5,-1,-1,-1,-1,-1,-1,323,217,292.5,201.5,352.5,250
578,JKR,578,417.5,365,360.5,323.5,397.5,268,-1,-1,-1,-1,-1,-1,321.5,221,289.5,207,352.5,258.5
579,JKR,579,423,365,362.5,322.5,403,269.5,-1,-1,-1,-1,-1,-1,329,222,297.5,205,357.5,257
580,JKR,580,383.5,372,328.5,332,365.5,280.5,-1,-1,-1,-1,-1,-1,291,227.5,263.5,212.5,322,264
581,JKR,581,335,366,278.5,325,314.5,275.5,-1,-1,-1,-1,-1,-1,235.5,230.5,209,219.5,270.5,267.5
582,JKR,582,392.5,380.5,340,339,374.5,290,-1,-1,-1,-1,-1,-1,297,249,273,237,330,280.5
583,JKR,583,389.5,375.5,333.5,336,371.5,285.5,-1,-1,-1,-1,-1,-1,295,242.5,270.5,231,327,276
584,JKR,584,387.5,374.5,332.5,334,371.5,281,-1,-1,-1,-1,-1,-1,296.5,235.5,271,224.5,325.5,268.5
585,JKR,585,390.5,380.5,336.5,338.5,374.5,286,-1,-1,-1,-1,-1,-1,300,243,275,230,330.5,274.5
586,JKR,586,390,381.5,336.5,341.5,378,290.5,-1,-1,-1,-1,-1,-1,302.5,244,277.5,231,333,278
587,JKR,587,382.5,391,328,351.5,371.5,301,-1,-1,-1,-1,-1,-1,294.5,254.5,268,243.5,322.5,287.5
588,JKR,588,378,396.5,325.5,354.5,366.5,304.5,-1,-1,-1,-1,-1,-1,293,256.5,268.5,246.5,322,291.5
589,JKR,589,379.5,392,325.5,351,368,301,-1,-1,-1,-1,-1,-1,293,253.5,268.5,239.5,322.5,286.5
590,JKR,590,383.5,395.5,329,358,372.5,304.5,-1,-1,-1,-1,-1,-1,299,260,269,245,328,294.5
591,JKR,591,380,409,327,369,368,321,-1,-1,-1,-1,-1,-1,297,272.5,270.5,258.5,324.5,307
592,JKR,592,382.5,409.5,330,368,372,316.5,-1,-1,-1,-1,-1,-1,300,271,271.5,256.5,327,307.5
593,JKR,593,388.5,370,333,331,377,282,-1,-1,-1,-1,-1,-1,303,234,278,216,332,268.5
594,JKR,594,381,348.5,323,307,364.5,255.5,-1,-1,-1,-1,-1,-1,293,211,263.5,196,322,246.5
595,JKR,595,383.5,340.5,324.5,295.5,367,239.5,-1,-1,-1,-1,-1,-1,294,195.5,264,179.5,324.5,229
596,JKR,596,387,329,327.5,288.5,368,237,-1,-1,-1,-1,-1,-1,290,186.5,263.5,173,324,225.5
597,JKR,597,385,336.5,325.5,296.5,365,245.5,-1,-1,-1,-1,-1,-1,291.5,196,260.5,180,325,234.5
598,JKR,598,381.5,353.5,323,315,362.5,263.5,-1,-1,-1,-1,-1,-1,291.5,213,258.5,198.5,317.5,249
599,JKR,599,392,328,333.5,285.5,370.5,232,-1,-1,-1,-1,-1,-1,297.5,188,270.5,177.5,326.5,222.5
600,JKR,600,376,335,320,297.5,356.5,244,-1,-1,-1,-1,-1,-1,281.5,194.5,256.5,185,314,231.5
601,JKR,601,353.5,336.5,301,294.5,338.5,246.5,-1,-1,-1,-1,-1,-1,259.5,197.5,235,185,289,231.5
602,JKR,602,354,339,302,300.5,338,249.5,-1,-1,-1,-1,-1,-1,261.5,202,237.5,190,292.5,235.5
603,JKR,603,355,341.5,303.5,301,339,256.5,-1,-1,-1,-1,-1,-1,260,212,238,200.5,293.5,241.5
604,JKR,604,350,346.5,297.5,306,335.5,260,-1,-1,-1,-1,-1,-1,259.5,215.5,236,202,290.5,246
605,JKR,605,344.5,353,293.5,312.5,331,264,-1,-1,-1,-1,-1,-1,253.5,222,231.5,209.5,285,251.5
606,JKR,606,344,355,294.5,318,334.5,269.5,-1,-1,-1,-1,-1,-1,256.5,226.5,233,212,287,258.5
607,JKR,607,340,362.5,288.5,321,327.5,278.5,-1,-1,-1,-1,-1,-1,254.5,232.5,232,220,285.5,264
608,JKR,608,339.5,371.5,287.5,332,329,284.5,-1,-1,-1,-1,-1,-1,254,241.5,232,227,284.5,272
609,JKR,609,339.5,373.5,287.5,334,328.5,289.5,-1,-1,-1,-1,-1,-1,254.5,243,231.5,230.5,284.5,274
610,JKR,610,342.5,379.5,291.5,339,331.5,294,-1,-1,-1,-1,-1,-1,257.5,248,237,234.5,289,279.5
611,JKR,611,343.5,377.5,292.5,338,334.5,293,-1,-1,-1,-1,-1,-1,259,247.5,236.5,236,288,277
612,JKR,612,341.5,381,291,340,335.5,298,-1,-1,-1,-1,-1,-1,261.5,250,240.5,235.5,289,279.5
613,JKR,613,342.5,387.5,290,345.5,334.5,301,-1,-1,-1,-1,-1,-1,262.5,253.5,240.5,238.5,291.5,285.5
614,JKR,614,342.5,389.5,290,348,335.5,303,-1,-1,-1,-1,-1,-1,261.5,258,239.5,244,292,288
615,JKR,615,344.5,390,289.5,349.5,333.5,305.5,-1,-1,-1,-1,-1,-1,262.5,258,240,241,292.5,290.5
616,JKR,616,343.5,392.5,292,352,336,306,-1,-1,-1,-1,-1,-1,264,259.5,242,245,295,290
617,JKR,617,336.5,388,284,346.5,330.5,303.5,-1,-1,-1,-1,-1,-1,260,257.5,235.5,244,286,290.5
618,JKR,618,343,362.5,292,322.5,335.5,277,-1,-1,-1,-1,-1,-1,264.5,233,239.5,215.5,293,264
619,JKR,619,341,364,291,322.5,334.5,277,-1,-1,-1,-1,-1,-1,263,232.5,241.5,218,291.5,264.5
620,JKR,620,338.5,367.5,288.5,327.5,333,282.5,-1,-1,-1,-1,-1,-1,259.5,237.5,239,222.5,290.5,268.5
621,JKR,621,340,365,287.5,324,331.5,280,-1,-1,-1,-1,-1,-1,262.5,233,237.5,217,289,265.5
622,JKR,622,358.5,360.5,306,319.5,350.5,275.5,-1,-1,-1,-1,-1,-1,281,229,256.5,212.5,308.5,260.5
623,JKR,623,358,348,306,309,349.5,263,-1,-1,-1,-1,-1,-1,279.5,215,256,201,306.5,246
624,JKR,624,360.5,340.5,310.5,300.5,351.5,254,-1,-1,-1,-1,-1,-1,283.5,206.5,258.5,192,312,240.5
625,JKR,625,365.5,338.5,311,297.5,354,250,-1,-1,-1,-1,-1,-1,290.5,203.5,263,187.5,315,234.5
626,JKR,626,361.5,342.5,308.5,303,353.5,254,-1,-1,-1,-1,-1,-1,287.5,202.5,261.5,192.5,313,238
627,JKR,627,362,343,309.5,303,354.5,256,-1,-1,-1,-1,-1,-1,288,205.5,265.5,192.5,313,239
628,JKR,628,364.5,345.5,314.5,306,356.5,258,-1,-1,-1,-1,-1,-1,289.5,206,267,193.5,317,240.5
629,JKR,629,363.5,350,311.5,308.5,356,263,-1,-1,-1,-1,-1,-1,292.5,210,268,198.5,316.5,245.5
630,JKR,630,363.5,350.5,313,312,358.5,262.5,-1,-1,-1,-1,-1,-1,291.5,212.5,264.5,199,316.5,247.5
631,JKR,631,361,354.5,310.5,313.5,356,265,-1,-1,-1,-1,-1,-1,288.5,214,263.5,200,313.5,249
632,JKR,632,360,356,309.5,316,353,269.5,-1,-1,-1,-1,-1,-1,287,215.5,265.5,203,312.5,250
633,JKR,633,360.5,356,311,317.5,355.5,268,-1,-1,-1,-1,-1,-1,289,216,263,201.5,313,251.5
634,JKR,634,364,359,312,319,353.5,270.5,-1,-1,-1,-1,-1,-1,285.5,222,263.5,210,314.5,258
635,JKR,635,365.5,350,312,310.5,357.5,263,-1,-1,-1,-1,-1,-1,289,213,263.5,199,315.5,246.5
636,JKR,636,360,347.5,307.5,307.5,351.5,257.5,-1,-1,-1,-1,-1,-1,284,211,260.5,197.5,312.5,245.5
637,JKR,637,357.5,344,304.5,305.5,349,255,-1,-1,-1,-1,-1,-1,281.5,207,259,194,308.5,239
638,JKR,638,361.5,338,308,297.5,353.5,250,-1,-1,-1,-1,-1,-1,287,200,264,187.5,313,233.5
639,JKR,639,350,348.5,298.5,307,343,259,-1,-1,-1,-1,-1,-1,278,208,253.5,196,303.5,244
640,JKR,640,358.5,335.5,303,293,344.5,244,-1,-1,-1,-1,-1,-1,276.5,202,252,186,303,233
641,JKR,641,356,324,302.5,285.5,349,238,-1,-1,-1,-1,-1,-1,278.5,193,252.5,178,304,225.5
642,JKR,642,356,330.5,303.5,291.5,346.5,243,-1,-1,-1,-1,-1,-1,275.5,198,251,183.5,306,232
643,JKR,643,385.5,332,334.5,293.5,378.5,247.5,-1,-1,-1,-1,-1,-1,306.5,199,284,187,336,233
644,JKR,644,389,341,337.5,300.5,381,257.5,-1,-1,-1,-1,-1,-1,316,207.5,291.5,194,343,240.5
645,JKR,645,379.5,340.5,327.5,299.5,371,252.5,-1,-1,-1,-1,-1,-1,305.5,203.5,281.5,190.5,333,238.5
646,JKR,646,381,343,330,300.5,374.5,255,-1,-1,-1,-1,-1,-1,310.5,206,287,193.5,334,239.5
647,JKR,647,382,346.5,331,303.5,377.5,258.5,-1,-1,-1,-1,-1,-1,313.5,205.5,288,193.5,337,240.5
648,JKR,648,387,349.5,337,309.5,381,264.5,-1,-1,-1,-1,-1,-1,320.5,213,295.5,196.5,343.5,245.5
649,JKR,649,391,349,335.5,309.5,383.5,261.5,-1,-1,-1,-1,-1,-1,323,213,299,199.5,346,246.5
650,JKR,650,385,351,329.5,309,376.5,263,-1,-1,-1,-1,-1,-1,317.5,212.5,295.5,197.5,341,246
651,JKR,651,384,352.5,333.5,311.5,378,266,-1,-1,-1,-1,-1,-1,319,214.5,292.5,198,342.5,250.5
652,JKR,652,382.5,358.5,329.5,316.5,376,269,-1,-1,-1,-1,-1,-1,320,216.5,294.5,203,339.5,252.5
653,JKR,653,377.5,352.5,326.5,310.5,373.5,264,-1,-1,-1,-1,-1,-1,313.5,212.5,289.5,197.5,336,247.5
654,JKR,654,375,359,323.5,316,373,269.5,-1,-1,-1,-1,-1,-1,312.5,215.5,289.5,200.5,334,251
655,JKR,655,371,359,316.5,312.5,365.5,267.5,-1,-1,-1,-1,-1,-1,308,212,282,198,329.5,249
656,JKR,656,370,361,315.5,315,366,267,-1,-1,-1,-1,-1,-1,305.5,215.5,278,199,327,252
657,JKR,657,369,360.5,316.5,317,366,271.5,-1,-1,-1,-1,-1,-1,303,215.5,276,203.5,324.5,254.5
658,JKR,658,362.5,368.5,310.5,324,360,277.5,-1,-1,-1,-1,-1,-1,297.5,223,271,209,321,263
659,JKR,659,363,366,314.5,321.5,365,275,-1,-1,-1,-1,-1,-1,303,219,276.5,203,324.5,255
660,JKR,660,368,365.5,319.5,319.5,367.5,274,-1,-1,-1,-1,-1,-1,307.5,216,280,201,329,253.5
661,JKR,661,364,360.5,316.5,315.5,363.5,271,-1,-1,-1,-1,-1,-1,302.5,211,276,194.5,326.5,250
662,JKR,662,373.5,350.5,319,303.5,371.5,256,-1,-1,-1,-1,-1,-1,311.5,199,287,184.5,334.5,237
663,JKR,663,369.5,352,318,308,368.5,262,-1,-1,-1,-1,-1,-1,310.5,199.5,282.5,184.5,329.5,239.5
664,JKR,664,366,353.5,312,307.5,365.5,259.5,-1,-1,-1,-1,-1,-1,305.5,202,278,186,327.5,241
665,JKR,665,363,359.5,309.5,311.5,364,266.5,-1,-1,-1,-1,-1,-1,302.5,205,277,190,325,243.5
666,JKR,666,361.5,353,310.5,304,363.5,261,-1,-1,-1,-1,-1,-1,302,198.5,280.5,184,323,237.5
667,JKR,667,359.5,352.5,308.5,303,360.5,261,-1,-1,-1,-1,-1,-1,300,197,275.5,182.5,321.5,235
668,JKR,668,358.5,356,306.5,306,360.5,263,-1,-1,-1,-1,-1,-1,302.5,203,279,188,323,241.5
669,JKR,669,358.5,356,306,306.5,358,264.5,-1,-1,-1,-1,-1,-1,300.5,202,277,185.5,321,239
670,JKR,670,353.5,348.5,300,299.5,355,256.5,-1,-1,-1,-1,-1,-1,296.5,192.5,273.5,180.5,317,232.5
671,JKR,0,0,0,0,0,0,0,0,0,0,0,0,0,0,0,0,0,0,0
672,JKR,0,0,0,0,0,0,0,0,0,0,0,0,0,0,0,0,0,0,0
673,JKR,0,0,0,0,0,0,0,0,0,0,0,0,0,0,0,0,0,0,0
674,JKR,674,350.5,306,295,256.5,352,211.5,-1,-1,-1,-1,-1,-1,295,153,270.5,135.5,314,192.5
675,JKR,675,349,310.5,296.5,262.5,351,214,-1,-1,-1,-1,-1,-1,292,156.5,268.5,138,312,193.5
676,JKR,676,351,313,300,263.5,353.5,217.5,-1,-1,-1,-1,-1,-1,298.5,154.5,274,136.5,314,195
677,JKR,677,371.5,299.5,315.5,250.5,371.5,207.5,-1,-1,-1,-1,-1,-1,319.5,145,293.5,128.5,336.5,185
678,JKR,678,302,315.5,253,267,307.5,224,-1,-1,-1,-1,-1,-1,250.5,165.5,227.5,151,270.5,202.5
679,JKR,679,309,319,262.5,270.5,312,228.5,-1,-1,-1,-1,-1,-1,254.5,172,231.5,159,275,210.5
680,JKR,680,313,334.5,264,283.5,317,247.5,-1,-1,-1,-1,-1,-1,265.5,186.5,241,170.5,282,221
681,JKR,681,320,338,271.5,286.5,325.5,248,-1,-1,-1,-1,-1,-1,272,190,248.5,174,291.5,226
682,JKR,682,314.5,340.5,267,289.5,322,253,-1,-1,-1,-1,-1,-1,270.5,192.5,246.5,175,286,230
683,JKR,683,315,344.5,269.5,293,322.5,254.5,-1,-1,-1,-1,-1,-1,268,195,246,180,284.5,232
684,JKR,684,327.5,352.5,281.5,299,333.5,260,-1,-1,-1,-1,-1,-1,280.5,201.5,256.5,184.5,297,239.5
685,JKR,685,347,371,302.5,320,355,283,-1,-1,-1,-1,-1,-1,301,225,277.5,207.5,318.5,261.5
686,JKR,686,334,361,286,310.5,342,272,-1,-1,-1,-1,-1,-1,289,213,266,196.5,306.5,250
687,JKR,687,324,361,276,310,332,269.5,-1,-1,-1,-1,-1,-1,277,212,255,197,295.5,247
688,JKR,688,325.5,371,278.5,319.5,331.5,281.5,-1,-1,-1,-1,-1,-1,280,225.5,259.5,209.5,298,261.5
689,JKR,689,321.5,368.5,275.5,321.5,328.5,282,-1,-1,-1,-1,-1,-1,275.5,225,254,207.5,292.5,261
690,JKR,690,327,375,280.5,328,331.5,289,-1,-1,-1,-1,-1,-1,281,231,258.5,213.5,298,268
691,JKR,691,321.5,371,271.5,324,326,286,-1,-1,-1,-1,-1,-1,272.5,229.5,250.5,212.5,292.5,268
692,JKR,692,324,375.5,278,326.5,328.5,288,-1,-1,-1,-1,-1,-1,275,233,254.5,216.5,295.5,268.5
693,JKR,0,0,0,0,0,0,0,0,0,0,0,0,0,0,0,0,0,0,0
694,JKR,694,328,380,284,331.5,333,294.5,-1,-1,-1,-1,-1,-1,281,236,259.5,220.5,298.5,272
695,JKR,695,326,379,282.5,330,332.5,296,-1,-1,-1,-1,-1,-1,281,236,258.5,218.5,297.5,272.5
696,JKR,696,327,384,283,337,335,301.5,-1,-1,-1,-1,-1,-1,282.5,238.5,260.5,221.5,300,274
697,JKR,697,326.5,387.5,282.5,335.5,334,298,-1,-1,-1,-1,-1,-1,281.5,240,262,222.5,301,277
698,JKR,698,325,391,279.5,340.5,333.5,302,-1,-1,-1,-1,-1,-1,282,242,260.5,226,298.5,281
699,JKR,699,332,393,287.5,344.5,339.5,305.5,-1,-1,-1,-1,-1,-1,291,244.5,268,228.5,305,282.5
700,JKR,700,336.5,393.5,293,345,344.5,308,-1,-1,-1,-1,-1,-1,295.5,247.5,272.5,231,310,284.5
701,JKR,701,351.5,399.5,308.5,353,359,315.5,-1,-1,-1,-1,-1,-1,308.5,261.5,285,244,326,297
702,JKR,702,355.5,402,309.5,355,362,318,-1,-1,-1,-1,-1,-1,314,266.5,293.5,248,333,301.5
703,JKR,0,0,0,0,0,0,0,0,0,0,0,0,0,0,0,0,0,0,0
704,JKR,704,365,411.5,325,365.5,373,332.5,-1,-1,-1,-1,-1,-1,328.5,275.5,307,259,342.5,309
705,JKR,705,339.5,390.5,301.5,346.5,348.5,310,-1,-1,-1,-1,-1,-1,299,255,277.5,235.5,316.5,288
706,JKR,706,354.5,341.5,312,294.5,363,253,-1,-1,-1,-1,-1,-1,314,197,290,183,330.5,237.5
707,JKR,707,353,351,307.5,304,360,264,-1,-1,-1,-1,-1,-1,313,206,289.5,188.5,329,245.5
708,JKR,708,353.5,349,306.5,302.5,359,262.5,-1,-1,-1,-1,-1,-1,312,204.5,289.5,190.5,328.5,243.5
709,JKR,709,351,353.5,307.5,305,358.5,266.5,-1,-1,-1,-1,-1,-1,311,206.5,288.5,191.5,326,245
710,JKR,710,350.5,354,306,309,358.5,269.5,-1,-1,-1,-1,-1,-1,310.5,210,287,192.5,324,250
711,JKR,711,352.5,359.5,305.5,308.5,357,271.5,-1,-1,-1,-1,-1,-1,311.5,214.5,287.5,197.5,326.5,253
712,JKR,712,352.5,359,307,313.5,358,277,-1,-1,-1,-1,-1,-1,311.5,215.5,290,198,327.5,254.5
713,JKR,713,358,351,310.5,301,366,264.5,-1,-1,-1,-1,-1,-1,323.5,204,300.5,184,335,241.5
714,JKR,714,359,352.5,312.5,304,365.5,262.5,-1,-1,-1,-1,-1,-1,323,205,300,186.5,336.5,243.5
715,JKR,715,359.5,351.5,316.5,301.5,367.5,264.5,-1,-1,-1,-1,-1,-1,325.5,204.5,300.5,190.5,337.5,242.5
716,JKR,716,349,362.5,302,309,354.5,273.5,-1,-1,-1,-1,-1,-1,309.5,213,288.5,197,324,253
717,JKR,717,369.5,370.5,325,324.5,378.5,286.5,-1,-1,-1,-1,-1,-1,332.5,228.5,310.5,211.5,348.5,265
718,JKR,718,377.5,391.5,332,345,384.5,310.5,-1,-1,-1,-1,-1,-1,341,251,319,232.5,355,285
719,JKR,719,338.5,380,291.5,330.5,343,293.5,-1,-1,-1,-1,-1,-1,297,233,272.5,214,312,275
720,JKR,0,0,0,0,0,0,0,0,0,0,0,0,0,0,0,0,0,0,0
721,JKR,0,0,0,0,0,0,0,0,0,0,0,0,0,0,0,0,0,0,0
722,JKR,722,332.5,386.5,284,333.5,341,292.5,-1,-1,-1,-1,-1,-1,291.5,229,267,212,308,269
723,JKR,0,0,0,0,0,0,0,0,0,0,0,0,0,0,0,0,0,0,0
724,JKR,724,330,383.5,281.5,330,339,292,-1,-1,-1,-1,-1,-1,291.5,224.5,269,206.5,307.5,266
725,JKR,725,330,384,283,331,339,292,-1,-1,-1,-1,-1,-1,291.5,224,269,207,307.5,264
726,JKR,726,332.5,385,285.5,331,344,290,-1,-1,-1,-1,-1,-1,296,223.5,271.5,204,309.5,265
727,JKR,727,333,382.5,285.5,330,343.5,291,-1,-1,-1,-1,-1,-1,295.5,221.5,272,200.5,311.5,266.5
728,JKR,728,333.5,381.5,283.5,325,346,285,-1,-1,-1,-1,-1,-1,298,217.5,276,196.5,313.5,260.5
729,JKR,729,336.5,373.5,287.5,319.5,349,281,-1,-1,-1,-1,-1,-1,302,211,277.5,190,314.5,252.5
730,JKR,730,338,377,292,322,351,283,-1,-1,-1,-1,-1,-1,303.5,210,279.5,191.5,316.5,251
731,JKR,731,339.5,374,289.5,316.5,352,279.5,-1,-1,-1,-1,-1,-1,305.5,207.5,282.5,186,321.5,249
732,JKR,732,339,369,287.5,308.5,350.5,272.5,-1,-1,-1,-1,-1,-1,308.5,200,282.5,180.5,319.5,245
733,JKR,733,339,371.5,287.5,314,351.5,276.5,-1,-1,-1,-1,-1,-1,306.5,202,282,180,318.5,246
734,JKR,734,336,368.5,284.5,312.5,347.5,277,-1,-1,-1,-1,-1,-1,302.5,202,280,182,317,246
735,JKR,735,337.5,367,287.5,312.5,348.5,273.5,-1,-1,-1,-1,-1,-1,304.5,206,280.5,184,317.5,249
736,JKR,736,338,365.5,290.5,308.5,351.5,274.5,-1,-1,-1,-1,-1,-1,306,203.5,283,184,319.5,247.5
737,JKR,737,338,367.5,289.5,310.5,352,273,-1,-1,-1,-1,-1,-1,308,203,283.5,183,320,245
738,JKR,738,337,370.5,295,315,352,280,-1,-1,-1,-1,-1,-1,308,204,284,184,320,248
739,JKR,739,334,376.5,289.5,319,350,283,-1,-1,-1,-1,-1,-1,306.5,207,283,188.5,318,252.5
740,JKR,740,335,379,289.5,319.5,351.5,288,-1,-1,-1,-1,-1,-1,308.5,209.5,286,190.5,320.5,255
741,JKR,741,334.5,376.5,292.5,316.5,353,283.5,-1,-1,-1,-1,-1,-1,309,207,286,185.5,320,249.5
742,JKR,742,331,378,286,319,348,284,-1,-1,-1,-1,-1,-1,306.5,207.5,284,187.5,318.5,252
743,JKR,743,333,375,289,315.5,350,273,-1,-1,-1,-1,-1,-1,307.5,204.5,286,184.5,320.5,249.5
744,JKR,744,333,374.5,284.5,317,349.5,277.5,-1,-1,-1,-1,-1,-1,302,203.5,280,183.5,314.5,251
745,JKR,745,333,371.5,288.5,309.5,348.5,274.5,-1,-1,-1,-1,-1,-1,302,197.5,278,175,316.5,244
746,JKR,746,333,366,287,306,348.5,271,-1,-1,-1,-1,-1,-1,301,195,280.5,173.5,315.5,239
747,JKR,747,324.5,368,279,309.5,343,276,-1,-1,-1,-1,-1,-1,300,197.5,278,172,312.5,244
748,JKR,748,324.5,367.5,279,310,340.5,272,-1,-1,-1,-1,-1,-1,298,196,277,175,309,240.5
749,JKR,749,327,366,282.5,307,345,270.5,-1,-1,-1,-1,-1,-1,300.5,200.5,276.5,179.5,312,242.5
750,JKR,750,322.5,371.5,278,312,337,272,-1,-1,-1,-1,-1,-1,294,207.5,270.5,187.5,306,250
751,JKR,0,0,0,0,0,0,0,0,0,0,0,0,0,0,0,0,0,0,0
752,JKR,752,315.5,368,274,305,338,271,-1,-1,-1,-1,-1,-1,298,195.5,271.5,173.5,307,238
753,JKR,753,316,365.5,275.5,301,336.5,265.5,-1,-1,-1,-1,-1,-1,294.5,191.5,271,169,305.5,236.5
754,JKR,754,316.5,358.5,273.5,297,336.5,265,-1,-1,-1,-1,-1,-1,298,186,275.5,164,307.5,232.5
755,JKR,755,314.5,356,274.5,296,335.5,263,-1,-1,-1,-1,-1,-1,294.5,184,270.5,159.5,308,233.5
756,JKR,756,314,363,271.5,296,336,264.5,-1,-1,-1,-1,-1,-1,295.5,189,270.5,167,304,235.5
757,JKR,757,319.5,346,274,287,336.5,252.5,-1,-1,-1,-1,-1,-1,294,171.5,268.5,153,306.5,219.5
758,JKR,758,321,345,271.5,280,337,247,-1,-1,-1,-1,-1,-1,291.5,168,264,149,305,215
759,JKR,759,316,349.5,269,290,334,255.5,-1,-1,-1,-1,-1,-1,291.5,175,267,153,301.5,217.5
760,JKR,760,316.5,349,271,288.5,333.5,258,-1,-1,-1,-1,-1,-1,292,177.5,270,156.5,304.5,220.5
761,JKR,761,316.5,351.5,274,291,338,261,-1,-1,-1,-1,-1,-1,296.5,177.5,273,152.5,304.5,222.5
762,JKR,762,321.5,354,275.5,291.5,337.5,258.5,-1,-1,-1,-1,-1,-1,299,178,279.5,152,312.5,224.5
763,JKR,763,318,354.5,273.5,291.5,338.5,259.5,-1,-1,-1,-1,-1,-1,297.5,179.5,279,153,310,224.5
764,JKR,764,318,357,278,293,340.5,261.5,-1,-1,-1,-1,-1,-1,300.5,181.5,279.5,162,308,227.5
765,JKR,765,322.5,355.5,279.5,293,344,259,-1,-1,-1,-1,-1,-1,301.5,180,281.5,159,313.5,225.5
766,JKR,766,329.5,352,285,287.5,349.5,253,-1,-1,-1,-1,-1,-1,310,175.5,287.5,153.5,319,221
767,JKR,767,325.5,350.5,284.5,290,345.5,259,-1,-1,-1,-1,-1,-1,306,178,286.5,153.5,316.5,222
768,JKR,768,333.5,355,287,293.5,352.5,258,-1,-1,-1,-1,-1,-1,312,181.5,289,161.5,323,227
769,JKR,769,333.5,355,290.5,291.5,353,255,-1,-1,-1,-1,-1,-1,314,182.5,290.5,158.5,325.5,227.5
770,JKR,770,341,345.5,295,290.5,358.5,254,-1,-1,-1,-1,-1,-1,319,180,298,155.5,331,223.5
771,JKR,771,342.5,346,295.5,290,358.5,255.5,-1,-1,-1,-1,-1,-1,318,177.5,295,157,331,223.5
772,JKR,772,343,348.5,296,287,361,253,-1,-1,-1,-1,-1,-1,321,180,299.5,157.5,332.5,224.5
773,JKR,773,339,352,293.5,291,356.5,261.5,-1,-1,-1,-1,-1,-1,319.5,183.5,302,157.5,331,228
774,JKR,774,339.5,352,292.5,292.5,356,259.5,-1,-1,-1,-1,-1,-1,320,183.5,298.5,159.5,329,231
775,JKR,775,340,353.5,295.5,294.5,358,258,-1,-1,-1,-1,-1,-1,318.5,185.5,298,163,328,229
776,JKR,776,341,349.5,294.5,289.5,356,254,-1,-1,-1,-1,-1,-1,316.5,177.5,293,156.5,330.5,225
777,JKR,777,340,356,296,300.5,357,262.5,-1,-1,-1,-1,-1,-1,314,183.5,294,161.5,329.5,231.5
778,JKR,0,0,0,0,0,0,0,0,0,0,0,0,0,0,0,0,0,0,0
779,JKR,779,338,349,294,293,353,251,-1,-1,-1,-1,-1,-1,314,181,292.5,157.5,326,227
780,JKR,780,334.5,356,288,295,353.5,261.5,-1,-1,-1,-1,-1,-1,311,186.5,291,161.5,323.5,228.5
781,JKR,781,334,359.5,287.5,300,353.5,266.5,-1,-1,-1,-1,-1,-1,311,188.5,292.5,164,324,232.5
782,JKR,782,335,363.5,291,301.5,352,266,-1,-1,-1,-1,-1,-1,313.5,190,293,166.5,324.5,233
783,JKR,783,336,365.5,292.5,307,354,272.5,-1,-1,-1,-1,-1,-1,317.5,201.5,296.5,177.5,326.5,245.5
784,JKR,784,337.5,363,293,302.5,356,270,-1,-1,-1,-1,-1,-1,318.5,198,297.5,174.5,328.5,239.5
785,JKR,785,334,366.5,288.5,304,353.5,268.5,-1,-1,-1,-1,-1,-1,319.5,202.5,299,180.5,329.5,243.5
786,JKR,786,335.5,358.5,291.5,298.5,356.5,263.5,-1,-1,-1,-1,-1,-1,323,195,302,169.5,332.5,239.5
787,JKR,787,334,365,291,304,353.5,268,-1,-1,-1,-1,-1,-1,323,200,301.5,173.5,330,241.5
788,JKR,788,335.5,374,291.5,312,354.5,279.5,-1,-1,-1,-1,-1,-1,327,206.5,303.5,183,331.5,249.5
789,JKR,789,337.5,374,298.5,311,361,278,-1,-1,-1,-1,-1,-1,326.5,202.5,303,178.5,333,246
790,JKR,790,332,383,290,320,355,289,-1,-1,-1,-1,-1,-1,320,213.5,302,185,329,259
791,JKR,791,335.5,369.5,293.5,310.5,355,274,-1,-1,-1,-1,-1,-1,324,202,300.5,173,330.5,245
792,JKR,792,334.5,379.5,292,318.5,354,281.5,-1,-1,-1,-1,-1,-1,320,210,298.5,182.5,328,253.5
793,JKR,793,333,377,287,310.5,355.5,280,-1,-1,-1,-1,-1,-1,319,204,297.5,172,327,248.5
794,JKR,794,327,376.5,282,312,346,280.5,-1,-1,-1,-1,-1,-1,307.5,204,286,179.5,318,252.5
795,JKR,795,337.5,361.5,294.5,299,355.5,264.5,-1,-1,-1,-1,-1,-1,315.5,188,293,162,328,236
796,JKR,796,334.5,361.5,291.5,294.5,351,265.5,-1,-1,-1,-1,-1,-1,317,183.5,287.5,158.5,326,229.5
797,JKR,0,0,0,0,0,0,0,0,0,0,0,0,0,0,0,0,0,0,0
798,JKR,798,463.5,219,407.5,168.5,462,121,-1,-1,-1,-1,-1,-1,-1,-1,-1,-1,426.5,96.5
799,JKR,799,513,241.5,456,196.5,509,152.5,-1,-1,-1,-1,-1,-1,459.5,95,429.5,77,478.5,136
