ID,Initials,Treatment,Slice,Eye.Temp,Eye.Quality,Bill.Temp,Bill.Quality,Xmin,Xmax,Xmean,Ymin,Ymax,Ymean,Blood.Sample,Handling
TZ11,JKR,Handled,1,36.538,Good,36.798,Good,202,297,249.5,178,263,220.5,0,0
TZ11,JKR,Handled,2,36.48,Good,36.902,Good,211,306,258.5,171,256,213.5,0,0
TZ11,JKR,Handled,3,36.387,Good,37.094,Good,211,306,258.5,171,256,213.5,0,0
TZ11,JKR,Handled,4,36.397,Good,36.985,Good,196,291,243.5,173,258,215.5,0,0
TZ11,JKR,Handled,5,36.193,Good,36.491,Good,196,291,243.5,173,258,215.5,0,0
TZ11,JKR,Handled,6,36.162,Good,36.626,Good,196,291,243.5,173,258,215.5,0,0
TZ11,JKR,Handled,7,35.952,Good,36.611,Good,196,291,243.5,173,258,215.5,0,0
TZ11,JKR,Handled,8,35.847,Good,36.803,Good,196,291,243.5,173,258,215.5,0,0
TZ11,JKR,Handled,9,35.711,Good,36.225,Good,193,288,240.5,182,267,224.5,0,0
TZ11,JKR,Handled,10,35.926,Good,36.475,Good,193,288,240.5,182,267,224.5,0,0
TZ11,JKR,Handled,11,35.79,Good,36.553,Good,193,288,240.5,182,267,224.5,0,0
TZ11,JKR,Handled,12,35.706,Good,36.486,Good,193,288,240.5,182,267,224.5,0,0
TZ11,JKR,Handled,13,35.695,Good,36.501,Good,193,288,240.5,182,267,224.5,0,0
TZ11,JKR,Handled,14,35.653,Good,36.02,Good,193,288,240.5,182,267,224.5,0,0
TZ11,JKR,Handled,15,35.559,Good,36.094,Good,193,288,240.5,182,267,224.5,0,0
TZ11,JKR,Handled,16,35.658,Good,36.172,Good,193,288,240.5,182,267,224.5,0,0
TZ11,JKR,Handled,17,35.585,Poor Eye,35.994,Good,189,284,236.5,190,275,232.5,0,0
TZ11,JKR,Handled,18,35.548,Good,35.643,Good,189,284,236.5,190,275,232.5,0,0
TZ11,JKR,Handled,19,35.548,Good,35.595,Good,189,284,236.5,190,275,232.5,0,0
TZ11,JKR,Handled,20,35.616,Good,35.527,Good,189,284,236.5,190,275,232.5,0,0
TZ11,JKR,Handled,21,35.559,Good,35.511,Good,189,284,236.5,190,275,232.5,0,0
TZ11,JKR,Handled,22,35.548,Good,35.443,Good,190,285,237.5,203,288,245.5,0,0
TZ11,JKR,Handled,23,35.58,Good,35.248,Poor Beak,190,285,237.5,203,288,245.5,0,0
TZ11,JKR,Handled,24,35.537,Good,35.306,Poor Beak,190,285,237.5,203,288,245.5,0,0
TZ11,JKR,Handled,25,35.522,Good,35.39,Good,190,285,237.5,203,288,245.5,0,0
TZ11,JKR,Handled,26,35.616,Good,35.622,Good,190,285,237.5,203,288,245.5,0,0
TZ11,JKR,Handled,27,35.532,Good,36.397,Good,190,285,237.5,203,288,245.5,0,0
TZ11,JKR,Handled,28,35.532,Good,36.871,Good,190,285,237.5,203,288,245.5,0,0
TZ11,JKR,Handled,29,35.537,Good,36.595,Good,190,285,237.5,203,288,245.5,0,0
TZ11,JKR,Handled,30,35.427,Good,36.616,Good,190,285,237.5,203,288,245.5,0,0
TZ11,JKR,Handled,31,35.469,Good,37.115,Good,190,285,237.5,203,288,245.5,0,0
TZ11,JKR,Handled,32,35.537,Good,37.348,Good,190,285,237.5,203,288,245.5,0,0
TZ11,JKR,Handled,33,35.585,Good,36.902,Good,176,271,223.5,210,295,252.5,0,0
TZ11,JKR,Handled,34,35.58,Good,37.151,Good,176,271,223.5,210,295,252.5,0,0
TZ11,JKR,Handled,35,0,0,37.425,Good,0,0,0,0,0,0,0,0
TZ11,JKR,Handled,36,35.842,Good,36.985,Good,204,299,251.5,207,292,249.5,0,0
TZ11,JKR,Handled,37,35.774,Poor Eye,36.59,Good,204,299,251.5,207,292,249.5,0,0
TZ11,JKR,Handled,38,35.664,Poor Eye,36.741,Good,204,299,251.5,207,292,249.5,0,0
TZ11,JKR,Handled,39,35.595,Good,36.543,Good,204,299,251.5,207,292,249.5,0,0
TZ11,JKR,Handled,40,35.774,Good,36.475,Good,204,299,251.5,207,292,249.5,0,0
TZ11,JKR,Handled,41,35.7,Good,35.984,Good,204,299,251.5,207,292,249.5,0,0
TZ11,JKR,Handled,42,35.679,Good,36.031,Good,204,299,251.5,207,292,249.5,0,0
TZ11,JKR,Handled,43,35.658,Good,36.062,Good,204,299,251.5,207,292,249.5,0,0
TZ11,JKR,Handled,44,35.674,Good,35.937,Good,204,299,251.5,207,292,249.5,0,0
TZ11,JKR,Handled,45,35.574,Good,36.02,Good,204,299,251.5,207,292,249.5,0,0
TZ11,JKR,Handled,46,35.569,Good,36.256,Good,204,299,251.5,207,292,249.5,0,0
TZ11,JKR,Handled,47,35.679,Good,36.245,Good,204,299,251.5,207,292,249.5,0,0
TZ11,JKR,Handled,48,35.511,Good,35.863,Good,204,299,251.5,207,292,249.5,0,0
TZ11,JKR,Handled,49,35.537,Good,36.11,Good,204,299,251.5,207,292,249.5,0,0
TZ11,JKR,Handled,50,35.485,Good,36.366,Good,204,299,251.5,207,292,249.5,0,0
TZ11,JKR,Handled,51,35.48,Good,36.036,Good,204,299,251.5,207,292,249.5,0,0
TZ11,JKR,Handled,52,35.501,Good,36.272,Good,204,299,251.5,207,292,249.5,0,0
TZ11,JKR,Handled,53,35.39,Good,36.418,Good,204,299,251.5,207,292,249.5,0,0
TZ11,JKR,Handled,54,35.443,Good,36.684,Good,204,299,251.5,207,292,249.5,0,0
TZ11,JKR,Handled,55,35.527,Good,36.251,Good,204,299,251.5,207,292,249.5,0,0
TZ11,JKR,Handled,56,35.348,Good,36.574,Good,204,299,251.5,207,292,249.5,0,0
TZ11,JKR,Handled,57,35.285,Good,36.871,Good,204,299,251.5,207,292,249.5,0,0
TZ11,JKR,Handled,58,35.48,Good,36.652,Good,204,299,251.5,207,292,249.5,0,0
TZ11,JKR,Handled,59,35.49,Good,36.86,Good,204,299,251.5,207,292,249.5,0,0
TZ11,JKR,Handled,60,35.553,Good,37.161,Good,204,299,251.5,207,292,249.5,0,0
TZ11,JKR,Handled,61,35.69,Good,37.239,Good,204,299,251.5,207,292,249.5,0,0
TZ11,JKR,Handled,62,35.695,Good,36.819,Good,204,299,251.5,207,292,249.5,0,0
TZ11,JKR,Handled,63,35.842,Good,37.084,Good,204,299,251.5,207,292,249.5,0,0
TZ11,JKR,Handled,64,35.9,Good,37.322,Good,204,299,251.5,207,292,249.5,0,0
TZ11,JKR,Handled,65,36.031,Good,37.068,Good,204,299,251.5,207,292,249.5,0,0
TZ11,JKR,Handled,66,36.188,Good,36.996,Good,204,299,251.5,207,292,249.5,0,0
TZ11,JKR,Handled,67,36.23,Good,37.156,Good,204,299,251.5,215,300,257.5,0,0
TZ11,JKR,Handled,68,36.48,Good,37.384,Good,204,299,251.5,215,300,257.5,0,0
TZ11,JKR,Handled,69,36.48,Good,36.798,Good,204,299,251.5,215,300,257.5,0,0
TZ11,JKR,Handled,70,36.496,Good,36.715,Good,204,299,251.5,215,300,257.5,0,0
TZ11,JKR,Handled,71,36.553,Good,37.11,Good,204,299,251.5,215,300,257.5,0,0
TZ11,JKR,Handled,72,36.548,Good,37.141,Good,192,287,239.5,222,307,264.5,0,0
TZ11,JKR,Handled,73,36.543,Good,37.099,Good,192,287,239.5,222,307,264.5,0,0
TZ11,JKR,Handled,74,36.512,Good,36.912,Good,192,287,239.5,222,307,264.5,0,0
TZ11,JKR,Handled,75,34.528,Poor Eye,0,0,192,287,239.5,222,307,264.5,0,0
TZ11,JKR,Handled,76,0,0,0,0,0,0,0,0,0,0,0,0
TZ11,JKR,Handled,77,36.34,Good,36.938,Good,192,287,239.5,222,307,264.5,0,0
TZ11,JKR,Handled,78,0,0,36.803,Good,0,0,0,0,0,0,0,0
TZ11,JKR,Handled,79,0,0,0,0,0,0,0,0,0,0,0,0
TZ11,JKR,Handled,80,36.193,Good,36.6,Good,192,287,239.5,222,307,264.5,0,0
TZ11,JKR,Handled,81,36.089,Good,36.912,Good,192,287,239.5,222,307,264.5,0,0
TZ11,JKR,Handled,82,36.172,Good,36.949,Good,192,287,239.5,222,307,264.5,0,0
TZ11,JKR,Handled,83,36.052,Good,36.407,Good,176,271,223.5,227,312,269.5,0,0
TZ11,JKR,Handled,84,35.973,Good,36.553,Good,176,271,223.5,227,312,269.5,0,0
TZ11,JKR,Handled,85,36.104,Good,36.637,Good,176,271,223.5,227,312,269.5,0,0
TZ11,JKR,Handled,86,36.136,Good,36.658,Good,176,271,223.5,227,312,269.5,0,0
TZ11,JKR,Handled,87,36.136,Good,36.204,Good,176,271,223.5,227,312,269.5,0,0
TZ11,JKR,Handled,88,36.099,Good,36.047,Poor Beak,176,271,223.5,227,312,269.5,0,0
TZ11,JKR,Handled,89,36.099,Good,0,0,176,271,223.5,227,312,269.5,0,0
TZ11,JKR,Handled,90,0,0,35.947,Poor Beak,0,0,0,0,0,0,0,0
TZ11,JKR,Handled,91,0,0,35.863,Poor Beak,0,0,0,0,0,0,0,0
TZ11,JKR,Handled,92,0,0,35.8,Poor Beak,0,0,0,0,0,0,0,0
TZ11,JKR,Handled,93,0,0,35.821,Poor Beak,0,0,0,0,0,0,0,0
TZ11,JKR,Handled,94,0,0,0,0,0,0,0,0,0,0,0,0
TZ11,JKR,Handled,95,0,0,0,0,0,0,0,0,0,0,0,0
TZ11,JKR,Handled,96,0,0,0,0,0,0,0,0,0,0,0,0
TZ11,JKR,Handled,97,0,0,0,0,0,0,0,0,0,0,0,0
TZ11,JKR,Handled,98,0,0,0,0,0,0,0,0,0,0,0,0
TZ11,JKR,Handled,99,0,0,0,0,0,0,0,0,0,0,0,0
TZ11,JKR,Handled,100,0,0,0,0,0,0,0,0,0,0,0,0
TZ11,JKR,Handled,101,0,0,0,0,0,0,0,0,0,0,0,0
TZ11,JKR,Handled,102,0,0,0,0,0,0,0,0,0,0,0,0
TZ11,JKR,Handled,103,0,0,0,0,0,0,0,0,0,0,0,0
TZ11,JKR,Handled,104,0,0,0,0,0,0,0,0,0,0,0,0
TZ11,JKR,Handled,105,0,0,0,0,0,0,0,0,0,0,0,0
TZ11,JKR,Handled,106,0,0,0,0,0,0,0,0,0,0,0,0
TZ11,JKR,Handled,107,0,0,0,0,0,0,0,0,0,0,0,0
TZ11,JKR,Handled,108,0,0,0,0,0,0,0,0,0,0,0,0
TZ11,JKR,Handled,109,0,0,0,0,0,0,0,0,0,0,0,0
TZ11,JKR,Handled,110,0,0,0,0,0,0,0,0,0,0,0,0
TZ11,JKR,Handled,111,0,0,0,0,0,0,0,0,0,0,0,0
TZ11,JKR,Handled,112,0,0,0,0,0,0,0,0,0,0,0,0
TZ11,JKR,Handled,113,0,0,0,0,0,0,0,0,0,0,0,0
TZ11,JKR,Handled,114,0,0,0,0,0,0,0,0,0,0,0,0
TZ11,JKR,Handled,115,0,0,0,0,0,0,0,0,0,0,0,0
TZ11,JKR,Handled,116,0,0,0,0,0,0,0,0,0,0,0,0
TZ11,JKR,Handled,117,0,0,0,0,0,0,0,0,0,0,0,0
TZ11,JKR,Handled,118,0,0,0,0,0,0,0,0,0,0,0,0
TZ11,JKR,Handled,119,0,0,0,0,0,0,0,0,0,0,0,0
TZ11,JKR,Handled,120,35.674,Poor Eye,0,0,538,633,585.5,46,131,88.5,0,0
TZ11,JKR,Handled,121,35.832,Good,0,0,533,628,580.5,-26,59,16.5,0,0
TZ11,JKR,Handled,122,35.879,Good,0,0,518,613,565.5,24,109,66.5,0,0
TZ11,JKR,Handled,123,35.685,Good,34.246,Good,510,605,557.5,-4,81,38.5,0,0
TZ11,JKR,Handled,124,35.669,Good,0,0,509,604,556.5,-35,50,7.5,0,0
TZ11,JKR,Handled,125,35.916,Good,34.697,Good,486,581,533.5,10,95,52.5,0,0
TZ11,JKR,Handled,126,35.459,Good,34.559,Good,358,453,405.5,105,190,147.5,0,0
TZ11,JKR,Handled,127,35.437,Good,34.458,Good,263,358,310.5,160,245,202.5,0,0
TZ11,JKR,Handled,128,35.495,Good,34.618,Good,285,380,332.5,175,260,217.5,0,0
TZ11,JKR,Handled,129,35.337,Good,33.899,Good,271,366,318.5,210,295,252.5,0,0
TZ11,JKR,Handled,130,35.369,Good,33.974,Good,271,366,318.5,210,295,252.5,0,0
TZ11,JKR,Handled,131,35.595,Good,34.458,Good,295,390,342.5,238,323,280.5,0,0
TZ11,JKR,Handled,132,35.601,Good,34.485,Good,295,390,342.5,238,323,280.5,0,0
TZ11,JKR,Handled,133,35.648,Good,34.48,Good,296,391,343.5,255,340,297.5,0,0
TZ11,JKR,Handled,134,35.632,Good,34.453,Good,296,391,343.5,255,340,297.5,0,0
TZ11,JKR,Handled,135,0,0,32.64,Poor Beak,0,0,0,0,0,0,0,0
TZ11,JKR,Handled,136,0,0,34.102,Good,0,0,0,0,0,0,0,0
TZ11,JKR,Handled,137,0,0,0,0,0,0,0,0,0,0,0,0
TZ11,JKR,Handled,138,0,0,0,0,0,0,0,0,0,0,0,0
TZ11,JKR,Handled,139,35.427,Good,34.176,Good,268,363,315.5,233,318,275.5,0,0
TZ11,JKR,Handled,140,35.495,Good,34.267,Good,271,366,318.5,213,298,255.5,0,0
TZ11,JKR,Handled,141,35.606,Good,35.606,Good,285,380,332.5,217,302,259.5,0,0
TZ11,JKR,Handled,142,35.495,Good,34.203,Good,293,388,340.5,159,244,201.5,0,0
TZ11,JKR,Handled,143,35.706,Good,35.332,Good,293,388,340.5,159,244,201.5,0,0
TZ11,JKR,Handled,144,35.716,Good,34.421,Good,290,385,337.5,173,258,215.5,0,0
TZ11,JKR,Handled,145,35.511,Good,34.32,Good,290,385,337.5,173,258,215.5,0,0
TZ11,JKR,Handled,146,35.685,Good,34.416,Good,290,385,337.5,173,258,215.5,0,0
TZ11,JKR,Handled,147,35.753,Good,34.485,Good,290,385,337.5,173,258,215.5,0,0
TZ11,JKR,Handled,148,35.616,Good,34.464,Good,290,385,337.5,173,258,215.5,0,0
TZ11,JKR,Handled,149,35.669,Good,34.485,Good,290,385,337.5,173,258,215.5,0,0
TZ11,JKR,Handled,150,35.263,Good,34.118,Good,281,376,328.5,233,318,275.5,0,0
TZ11,JKR,Handled,151,35.58,Good,34.496,Good,281,376,328.5,233,318,275.5,0,0
TZ11,JKR,Handled,152,35.401,Good,34.059,Good,281,376,328.5,233,318,275.5,0,0
TZ11,JKR,Handled,153,35.522,Good,34.176,Good,281,376,328.5,233,318,275.5,0,0
TZ11,JKR,Handled,154,35.648,Good,34.352,Good,281,376,328.5,233,318,275.5,0,0
TZ11,JKR,Handled,155,35.748,Good,34.48,Good,281,376,328.5,233,318,275.5,0,0
TZ11,JKR,Handled,156,35.79,Good,34.549,Good,281,376,328.5,233,318,275.5,0,0
TZ11,JKR,Handled,157,35.664,Good,34.214,Good,251,346,298.5,260,345,302.5,0,0
TZ11,JKR,Handled,158,35.669,Good,34.315,Good,251,346,298.5,260,345,302.5,0,0
TZ11,JKR,Handled,159,35.627,Good,34.544,Good,251,346,298.5,260,345,302.5,0,0
TZ11,JKR,Handled,160,35.58,Good,34.352,Good,251,346,298.5,260,345,302.5,0,0
TZ11,JKR,Handled,161,35.574,Good,34.469,Good,251,346,298.5,260,345,302.5,0,0
TZ11,JKR,Handled,162,35.574,Good,34.613,Good,251,346,298.5,260,345,302.5,0,0
TZ11,JKR,Handled,163,35.627,Good,35.063,Good,269,364,316.5,290,375,332.5,0,0
TZ11,JKR,Handled,164,35.716,Good,35.005,Good,269,364,316.5,290,375,332.5,0,0
TZ11,JKR,Handled,165,35.674,Good,34.999,Good,269,364,316.5,290,375,332.5,0,0
TZ11,JKR,Handled,166,35.622,Good,35.205,Good,292,387,339.5,290,375,332.5,0,0
TZ11,JKR,Handled,167,35.721,Good,35.19,Good,292,387,339.5,290,375,332.5,0,0
TZ11,JKR,Handled,168,35.716,Good,35.232,Good,292,387,339.5,290,375,332.5,0,0
TZ11,JKR,Handled,169,35.437,Good,35.221,Good,268,363,315.5,256,341,298.5,0,0
TZ11,JKR,Handled,170,35.669,Good,35.279,Good,254,349,301.5,186,271,228.5,0,0
TZ11,JKR,Handled,171,35.758,Good,35.39,Good,254,349,301.5,186,271,228.5,0,0
TZ11,JKR,Handled,172,35.658,Good,35.29,Good,254,349,301.5,186,271,228.5,0,0
TZ11,JKR,Handled,173,35.69,Good,35.353,Good,261,356,308.5,198,283,240.5,0,0
TZ11,JKR,Handled,174,35.7,Good,35.343,Good,261,356,308.5,198,283,240.5,0,0
TZ11,JKR,Handled,175,35.658,Good,35.353,Good,261,356,308.5,198,283,240.5,0,0
TZ11,JKR,Handled,176,35.69,Good,35.311,Good,261,356,308.5,198,283,240.5,0,0
TZ11,JKR,Handled,177,35.637,Good,35.358,Good,261,356,308.5,198,283,240.5,0,0
TZ11,JKR,Handled,178,35.527,Good,35.079,Good,283,378,330.5,206,291,248.5,0,0
TZ11,JKR,Handled,179,35.48,Good,35.142,Good,283,378,330.5,206,291,248.5,0,0
TZ11,JKR,Handled,180,35.569,Good,35.221,Good,283,378,330.5,206,291,248.5,0,0
TZ11,JKR,Handled,181,33.835,Poor Eye,0,0,276,371,323.5,167,252,209.5,0,0
TZ11,JKR,Handled,182,0,0,0,0,0,0,0,0,0,0,0,0
TZ11,JKR,Handled,183,0,0,0,0,0,0,0,0,0,0,0,0
TZ11,JKR,Handled,184,34.835,Good,0,0,243,338,290.5,184,269,226.5,0,0
TZ11,JKR,Handled,185,35.216,Good,34.803,Good,220,315,267.5,165,250,207.5,0,0
TZ11,JKR,Handled,186,0,0,0,0,0,0,0,0,0,0,0,0
TZ11,JKR,Handled,187,0,0,0,0,0,0,0,0,0,0,0,0
TZ11,JKR,Handled,188,0,0,0,0,0,0,0,0,0,0,0,0
TZ11,JKR,Handled,189,0,0,0,0,0,0,0,0,0,0,0,0
TZ11,JKR,Handled,190,0,0,0,0,0,0,0,0,0,0,0,0
TZ11,JKR,Handled,191,0,0,0,0,0,0,0,0,0,0,0,0
TZ11,JKR,Handled,192,0,0,0,0,0,0,0,0,0,0,0,0
TZ11,JKR,Handled,193,0,0,0,0,0,0,0,0,0,0,0,0
TZ11,JKR,Handled,194,0,0,0,0,0,0,0,0,0,0,0,0
TZ11,JKR,Handled,195,0,0,0,0,0,0,0,0,0,0,0,0
TZ11,JKR,Handled,196,0,0,0,0,0,0,0,0,0,0,0,0
TZ11,JKR,Handled,197,0,0,0,0,0,0,0,0,0,0,0,0
TZ11,JKR,Handled,198,35.569,Good,34.453,Good,228,323,275.5,192,277,234.5,0,0
TZ11,JKR,Handled,199,0,0,0,0,0,0,0,0,0,0,0,0
TZ11,JKR,Handled,200,35.005,Good,0,0,121,216,168.5,173,258,215.5,0,0
TZ11,JKR,Handled,201,35.337,Good,34.032,Good,121,216,168.5,173,258,215.5,0,0
TZ11,JKR,Handled,202,35.311,Good,33.947,Good,73,168,120.5,202,287,244.5,0,0
TZ11,JKR,Handled,203,35.905,Good,34.453,Good,229,324,276.5,258,343,300.5,0,0
TZ11,JKR,Handled,204,35.469,Good,34.043,Good,229,324,276.5,213,298,255.5,0,0
TZ11,JKR,Handled,205,0,0,0,0,0,0,0,0,0,0,0,0
TZ11,JKR,Handled,206,0,0,0,0,0,0,0,0,0,0,0,0
TZ11,JKR,Handled,207,0,0,0,0,0,0,0,0,0,0,0,0
TZ11,JKR,Handled,208,35.153,Good,0,0,204,299,251.5,181,266,223.5,0,0
TZ11,JKR,Handled,209,0,0,0,0,0,0,0,0,0,0,0,0
TZ11,JKR,Handled,210,0,0,34.793,Poor Beak,0,0,0,0,0,0,0,0
TZ11,JKR,Handled,211,36.157,Good,34.946,Good,248,343,295.5,210,295,252.5,0,0
TZ11,JKR,Handled,212,36.172,Good,34.978,Good,294,389,341.5,215,300,257.5,0,0
TZ11,JKR,Handled,213,36.423,Good,35.137,Good,309,404,356.5,226,311,268.5,0,0
TZ11,JKR,Handled,214,36.277,Good,35.232,Good,346,441,393.5,226,311,268.5,0,0
TZ11,JKR,Handled,215,36.219,Good,35.132,Good,323,418,370.5,222,307,264.5,0,0
TZ11,JKR,Handled,216,36.125,Good,34.978,Good,323,418,370.5,222,307,264.5,0,0
TZ11,JKR,Handled,217,0,0,34.888,Good,0,0,0,0,0,0,0,0
TZ11,JKR,Handled,218,0,0,0,0,0,0,0,0,0,0,0,0
TZ11,JKR,Handled,219,0,0,35.353,Good,0,0,0,0,0,0,0,0
TZ11,JKR,Handled,220,0,0,0,0,0,0,0,0,0,0,0,0
TZ11,JKR,Handled,221,0,0,0,0,0,0,0,0,0,0,0,0
TZ11,JKR,Handled,222,0,0,0,0,0,0,0,0,0,0,0,0
TZ11,JKR,Handled,223,36.068,Good,35.227,Good,299,394,346.5,231,316,273.5,0,0
TZ11,JKR,Handled,224,35.895,Poor Eye,35.553,Good,299,394,346.5,231,316,273.5,0,0
TZ11,JKR,Handled,225,0,0,35.079,Good,0,0,0,0,0,0,0,0
TZ11,JKR,Handled,226,0,0,34.83,Good,0,0,0,0,0,0,0,0
TZ11,JKR,Handled,227,0,0,34.899,Good,0,0,0,0,0,0,0,0
TZ11,JKR,Handled,228,36.444,Good,35.732,Good,267,362,314.5,204,289,246.5,0,0
TZ11,JKR,Handled,229,36.507,Good,36.047,Good,267,362,314.5,204,289,246.5,0,0
TZ11,JKR,Handled,230,36.678,Good,35.779,Good,286,381,333.5,219,304,261.5,0,0
TZ11,JKR,Handled,231,36.616,Good,35.973,Good,286,381,333.5,219,304,261.5,0,0
TZ11,JKR,Handled,232,36.595,Good,36.062,Good,286,381,333.5,219,304,261.5,0,0
TZ11,JKR,Handled,233,36.704,Good,36.02,Good,286,381,333.5,219,304,261.5,0,0
TZ11,JKR,Handled,234,36.538,Good,36.11,Good,289,384,336.5,232,317,274.5,0,0
TZ11,JKR,Handled,235,36.569,Good,36.12,Good,289,384,336.5,232,317,274.5,0,0
TZ11,JKR,Handled,236,36.647,Good,36.094,Good,289,384,336.5,232,317,274.5,0,0
TZ11,JKR,Handled,237,36.512,Good,36,Good,289,384,336.5,232,317,274.5,0,0
TZ11,JKR,Handled,238,36.553,Good,36.057,Good,289,384,336.5,232,317,274.5,0,0
TZ11,JKR,Handled,239,36.569,Good,36.068,Good,289,384,336.5,232,317,274.5,0,0
TZ11,JKR,Handled,240,36.538,Good,36.052,Good,300,395,347.5,237,322,279.5,0,0
TZ11,JKR,Handled,241,36.559,Good,36.266,Good,300,395,347.5,237,322,279.5,0,0
TZ11,JKR,Handled,242,36.543,Good,36.871,Good,300,395,347.5,237,322,279.5,0,0
TZ11,JKR,Handled,243,36.6,Good,36.637,Good,300,395,347.5,237,322,279.5,0,0
TZ11,JKR,Handled,244,36.611,Good,36.527,Good,300,395,347.5,237,322,279.5,0,0
TZ11,JKR,Handled,245,36.595,Good,37.12,Good,300,395,347.5,237,322,279.5,0,0
TZ11,JKR,Handled,246,36.585,Good,37.322,Good,295,380,337.5,269,338,303.5,0,0
TZ11,JKR,Handled,247,36.585,Good,37.032,Good,303,388,345.5,284,353,318.5,0,0
TZ11,JKR,Handled,248,36.642,Good,36.637,Good,303,388,345.5,284,353,318.5,0,0
TZ11,JKR,Handled,249,36.673,Good,36.564,Good,303,388,345.5,284,353,318.5,0,0
TZ11,JKR,Handled,250,36.282,Poor Eye,36.632,Good,303,388,345.5,284,353,318.5,0,0
TZ11,JKR,Handled,251,36.757,Good,36.704,Good,306,391,348.5,297,366,331.5,0,0
TZ11,JKR,Handled,252,36.308,Poor Eye,36.59,Good,306,391,348.5,297,366,331.5,0,0
TZ11,JKR,Handled,253,36.282,Poor Eye,36.188,Good,306,391,348.5,297,366,331.5,0,0
TZ11,JKR,Handled,254,36.824,Good,36.496,Good,306,391,348.5,297,366,331.5,0,0
TZ11,JKR,Handled,255,36.845,Good,36.543,Good,306,391,348.5,297,366,331.5,0,0
TZ11,JKR,Handled,256,36.845,Good,36.621,Good,306,391,348.5,297,366,331.5,0,0
TZ11,JKR,Handled,257,36.928,Good,36.47,Good,306,391,348.5,297,366,331.5,0,0
TZ11,JKR,Handled,258,36.99,Good,36.491,Good,306,391,348.5,297,366,331.5,0,0
TZ11,JKR,Handled,259,36.985,Good,36.595,Good,306,391,348.5,297,366,331.5,0,0
TZ11,JKR,Handled,260,36.985,Good,36.757,Good,306,391,348.5,297,366,331.5,0,0
TZ11,JKR,Handled,261,37.125,Good,36.574,Good,306,391,348.5,297,366,331.5,0,0
TZ11,JKR,Handled,262,37.079,Good,36.652,Good,306,391,348.5,297,366,331.5,0,0
TZ11,JKR,Handled,263,36.918,Good,36.621,Good,306,391,348.5,297,366,331.5,0,0
TZ11,JKR,Handled,264,37.011,Good,36.71,Good,306,391,348.5,297,366,331.5,0,0
TZ11,JKR,Handled,265,36.964,Good,36.423,Good,306,391,348.5,297,366,331.5,0,0
TZ11,JKR,Handled,266,36.985,Good,36.475,Good,306,391,348.5,297,366,331.5,0,0
TZ11,JKR,Handled,267,36.975,Good,36.48,Good,306,391,348.5,297,366,331.5,0,0
TZ11,JKR,Handled,268,36.938,Good,36.444,Good,309,394,351.5,298,367,332.5,0,0
TZ11,JKR,Handled,269,36.949,Good,36.496,Good,309,394,351.5,298,367,332.5,0,0
TZ11,JKR,Handled,270,36.923,Good,36.444,Good,309,394,351.5,298,367,332.5,0,0
TZ11,JKR,Handled,271,36.886,Good,36.517,Good,309,394,351.5,298,367,332.5,0,0
TZ11,JKR,Handled,272,36.86,Good,36.548,Good,309,394,351.5,298,367,332.5,0,0
TZ11,JKR,Handled,273,36.85,Good,36.491,Good,309,394,351.5,298,367,332.5,0,0
TZ11,JKR,Handled,274,36.866,Good,36.491,Good,309,394,351.5,298,367,332.5,0,0
TZ11,JKR,Handled,275,36.824,Good,36.533,Good,309,394,351.5,298,367,332.5,0,0
TZ11,JKR,Handled,276,36.814,Good,36.626,Good,309,394,351.5,298,367,332.5,0,0
TZ11,JKR,Handled,277,36.876,Good,36.585,Good,317,402,359.5,310,379,344.5,0,0
TZ11,JKR,Handled,278,36.876,Good,36.579,Good,317,402,359.5,310,379,344.5,0,0
TZ11,JKR,Handled,279,36.824,Good,36.522,Good,317,402,359.5,310,379,344.5,0,0
TZ11,JKR,Handled,280,36.938,Good,36.72,Good,317,402,359.5,310,379,344.5,0,0
TZ11,JKR,Handled,281,36.923,Good,37.094,Good,317,402,359.5,310,379,344.5,0,0
TZ11,JKR,Handled,282,36.881,Good,36.886,Good,317,402,359.5,310,379,344.5,0,0
TZ11,JKR,Handled,283,36.876,Good,36.637,Good,317,402,359.5,310,379,344.5,0,0
TZ11,JKR,Handled,284,36.907,Good,36.725,Good,317,402,359.5,310,379,344.5,0,0
TZ11,JKR,Handled,285,36.902,Good,37.011,Good,317,402,359.5,310,379,344.5,0,0
TZ11,JKR,Handled,286,36.928,Good,36.741,Good,317,402,359.5,310,379,344.5,0,0
TZ11,JKR,Handled,287,36.996,Good,36.689,Good,317,402,359.5,310,379,344.5,0,0
TZ11,JKR,Handled,288,36.907,Good,36.569,Good,317,402,359.5,310,379,344.5,0,0
TZ11,JKR,Handled,289,36.975,Good,36.616,Good,317,402,359.5,310,379,344.5,0,0
TZ11,JKR,Handled,290,36.944,Good,36.694,Good,317,402,359.5,310,379,344.5,0,0
TZ11,JKR,Handled,291,36.892,Good,36.678,Good,317,402,359.5,310,379,344.5,0,0
TZ11,JKR,Handled,292,36.876,Good,36.559,Good,317,402,359.5,310,379,344.5,0,0
TZ11,JKR,Handled,293,36.762,Good,36.397,Good,317,402,359.5,310,379,344.5,0,0
TZ11,JKR,Handled,294,36.783,Good,36.308,Good,302,387,344.5,309,378,343.5,0,0
TZ11,JKR,Handled,295,36.533,Good,36.449,Good,286,371,328.5,282,351,316.5,0,0
TZ11,JKR,Handled,296,36.611,Good,36.324,Good,279,364,321.5,210,279,244.5,0,0
TZ11,JKR,Handled,297,36.767,Good,36.48,Good,279,364,321.5,210,279,244.5,0,0
TZ11,JKR,Handled,298,36.741,Good,36.475,Good,279,364,321.5,210,279,244.5,0,0
TZ11,JKR,Handled,299,36.741,Good,36.465,Good,290,375,332.5,214,283,248.5,0,0
TZ11,JKR,Handled,300,36.663,Good,36.397,Good,290,375,332.5,214,283,248.5,0,0
TZ11,JKR,Handled,301,36.616,Good,36.423,Good,290,375,332.5,214,283,248.5,0,0
TZ11,JKR,Handled,302,36.517,Good,36.418,Good,290,375,332.5,214,283,248.5,0,0
TZ11,JKR,Handled,303,36.48,Good,36.418,Good,290,375,332.5,214,283,248.5,0,0
TZ11,JKR,Handled,304,36.407,Good,36.319,Good,290,375,332.5,214,283,248.5,0,0
TZ11,JKR,Handled,305,36.355,Good,36.35,Good,290,375,332.5,214,283,248.5,1,0
TZ11,JKR,Handled,306,36.329,Good,36.324,Good,290,375,332.5,214,283,248.5,1,0
TZ11,JKR,Handled,307,36.293,Good,36.293,Good,290,375,332.5,214,283,248.5,1,0
TZ11,JKR,Handled,308,36.272,Good,36.261,Good,290,375,332.5,214,283,248.5,1,0
TZ11,JKR,Handled,309,36.235,Good,36.219,Good,290,375,332.5,214,283,248.5,1,0
TZ11,JKR,Handled,310,36.235,Good,36.235,Good,290,375,332.5,214,283,248.5,1,0
TZ11,JKR,Handled,311,36.188,Good,36.183,Good,290,375,332.5,214,283,248.5,1,0
TZ11,JKR,Handled,312,36.183,Good,36.188,Good,290,375,332.5,214,283,248.5,1,0
TZ11,JKR,Handled,313,36.204,Good,36.198,Good,290,375,332.5,214,283,248.5,1,0
TZ11,JKR,Handled,314,36.172,Good,36.136,Good,290,375,332.5,214,283,248.5,1,0
TZ11,JKR,Handled,315,36.141,Good,36.151,Good,290,375,332.5,214,283,248.5,1,0
TZ11,JKR,Handled,316,36.089,Good,36.167,Good,290,375,332.5,214,283,248.5,1,0
TZ11,JKR,Handled,317,36.083,Good,36.151,Good,290,375,332.5,214,283,248.5,1,0
TZ11,JKR,Handled,318,36.036,Good,36.047,Good,290,375,332.5,214,283,248.5,1,0
TZ11,JKR,Handled,319,36.02,Good,36.005,Good,290,375,332.5,214,283,248.5,1,0
TZ11,JKR,Handled,320,35.984,Good,35.994,Good,290,375,332.5,214,283,248.5,1,0
TZ11,JKR,Handled,321,36.026,Good,35.979,Good,290,375,332.5,214,283,248.5,1,0
TZ11,JKR,Handled,322,36.068,Good,36.073,Good,290,375,332.5,214,283,248.5,1,0
TZ11,JKR,Handled,323,36.052,Good,36.005,Good,298,383,340.5,228,297,262.5,1,0
TZ11,JKR,Handled,324,36.089,Good,36.073,Good,298,383,340.5,228,297,262.5,1,0
TZ11,JKR,Handled,325,36.146,Good,36.036,Good,298,383,340.5,228,297,262.5,1,0
TZ11,JKR,Handled,326,36.141,Good,36.125,Good,298,383,340.5,228,297,262.5,1,0
TZ11,JKR,Handled,327,36.219,Good,36.282,Good,298,383,340.5,228,297,262.5,1,0
TZ11,JKR,Handled,328,36.298,Good,36.308,Good,298,383,340.5,228,297,262.5,1,0
TZ11,JKR,Handled,329,36.256,Good,36.219,Good,298,383,340.5,228,297,262.5,1,0
TZ11,JKR,Handled,330,36.235,Good,36.178,Good,298,383,340.5,228,297,262.5,1,0
TZ11,JKR,Handled,331,36.491,Good,36.59,Good,298,383,340.5,228,297,262.5,1,0
TZ11,JKR,Handled,332,36.433,Good,36.36,Good,298,383,340.5,228,297,262.5,1,0
TZ11,JKR,Handled,333,36.355,Good,36.266,Good,298,383,340.5,228,297,262.5,1,0
TZ11,JKR,Handled,334,36.48,Good,36.35,Good,298,383,340.5,228,297,262.5,1,0
TZ11,JKR,Handled,335,36.47,Good,36.407,Good,298,383,340.5,228,297,262.5,1,0
TZ11,JKR,Handled,336,36.34,Good,36.272,Good,298,383,340.5,228,297,262.5,1,0
TZ11,JKR,Handled,337,36.298,Good,36.094,Good,298,383,340.5,228,297,262.5,1,0
TZ11,JKR,Handled,338,36.533,Good,36.313,Good,298,383,340.5,228,297,262.5,1,0
TZ11,JKR,Handled,339,36.559,Good,36.324,Good,298,383,340.5,228,297,262.5,1,0
TZ11,JKR,Handled,340,36.569,Good,36.387,Good,298,383,340.5,228,297,262.5,1,0
TZ11,JKR,Handled,341,36.47,Good,36.099,Good,298,383,340.5,228,297,262.5,1,0
TZ11,JKR,Handled,342,36.553,Good,36.308,Good,298,383,340.5,228,297,262.5,1,0
TZ11,JKR,Handled,343,36.647,Good,36.387,Good,298,383,340.5,228,297,262.5,1,0
TZ11,JKR,Handled,344,36.553,Good,36.251,Good,298,383,340.5,228,297,262.5,1,0
TZ11,JKR,Handled,345,36.595,Good,35.984,Good,272,357,314.5,251,320,285.5,1,0
TZ11,JKR,Handled,346,36.34,Good,36.209,Good,272,357,314.5,251,320,285.5,1,0
TZ11,JKR,Handled,347,0,0,0,0,0,0,0,0,0,0,1,0
TZ11,JKR,Handled,348,0,0,0,0,0,0,0,0,0,0,1,0
TZ11,JKR,Handled,349,0,0,0,0,0,0,0,0,0,0,1,0
TZ11,JKR,Handled,350,0,0,0,0,0,0,0,0,0,0,1,0
TZ11,JKR,Handled,351,35.495,Good,35.263,Good,227,312,269.5,80,149,114.5,1,0
TZ11,JKR,Handled,352,0,0,0,0,0,0,0,0,0,0,1,0
TZ11,JKR,Handled,353,0,0,0,0,0,0,0,0,0,0,1,0
TZ11,JKR,Handled,354,0,0,0,0,0,0,0,0,0,0,1,0
TZ11,JKR,Handled,355,35.727,Good,35.311,Good,101,186,143.5,74,143,108.5,1,0
TZ11,JKR,Handled,356,0,0,0,0,0,0,0,0,0,0,1,0
TZ11,JKR,Handled,357,0,0,0,0,0,0,0,0,0,0,1,0
TZ11,JKR,Handled,358,0,0,0,0,0,0,0,0,0,0,0,0
TZ11,JKR,Handled,359,35.669,Good,35.448,Good,315,400,357.5,108,177,142.5,0,0
TZ11,JKR,Handled,360,0,0,0,0,0,0,0,0,0,0,0,0
TZ11,JKR,Handled,361,0,0,0,0,0,0,0,0,0,0,0,0
TZ11,JKR,Handled,362,0,0,0,0,0,0,0,0,0,0,0,0
TZ11,JKR,Handled,363,0,0,0,0,0,0,0,0,0,0,0,0
TZ11,JKR,Handled,364,0,0,0,0,0,0,0,0,0,0,0,0
TZ11,JKR,Handled,365,0,0,0,0,0,0,0,0,0,0,0,0
TZ11,JKR,Handled,366,0,0,0,0,0,0,0,0,0,0,0,0
TZ11,JKR,Handled,367,0,0,0,0,0,0,0,0,0,0,0,0
TZ11,JKR,Handled,368,0,0,0,0,0,0,0,0,0,0,0,0
TZ11,JKR,Handled,369,0,0,0,0,0,0,0,0,0,0,0,0
TZ11,JKR,Handled,370,35.358,Poor Eye,33.567,Poor Beak,263,348,305.5,191,260,225.5,0,0
TZ11,JKR,Handled,371,0,0,0,0,0,0,0,0,0,0,0,0
TZ11,JKR,Handled,372,0,0,0,0,0,0,0,0,0,0,0,0
TZ11,JKR,Handled,373,0,0,0,0,0,0,0,0,0,0,0,0
TZ11,JKR,Handled,374,0,0,0,0,0,0,0,0,0,0,0,0
TZ11,JKR,Handled,375,0,0,0,0,0,0,0,0,0,0,0,0
TZ11,JKR,Handled,376,35.59,Good,0,0,320,405,362.5,358,427,392.5,0,0
TZ11,JKR,Handled,377,34.978,Good,0,0,227,312,269.5,237,306,271.5,0,0
TZ11,JKR,Handled,378,35.779,Good,0,0,243,328,285.5,212,281,246.5,0,0
TZ11,JKR,Handled,379,35.769,Good,0,0,277,362,319.5,283,352,317.5,0,0
TZ11,JKR,Handled,380,35.79,Good,0,0,223,308,265.5,321,390,355.5,0,0
TZ11,JKR,Handled,381,36.083,Good,0,0,184,269,226.5,83,152,117.5,0,0
TZ11,JKR,Handled,382,35.952,Good,34.203,Good,192,277,234.5,127,196,161.5,0,0
TZ11,JKR,Handled,383,35.785,Good,34.198,Good,231,316,273.5,199,268,233.5,0,0
TZ11,JKR,Handled,384,35.816,Good,34.283,Good,231,316,273.5,199,268,233.5,0,0
TZ11,JKR,Handled,385,35.374,Good,0,0,231,316,273.5,199,268,233.5,0,0
TZ11,JKR,Handled,386,35.1,Poor Eye,0,0,185,270,227.5,177,246,211.5,0,0
TZ11,JKR,Handled,387,35.485,Poor Eye,0,0,209,294,251.5,218,287,252.5,0,0
TZ11,JKR,Handled,388,35.616,Good,34.048,Good,235,320,277.5,233,302,267.5,0,0
TZ11,JKR,Handled,389,35.406,Good,33.851,Good,272,357,314.5,218,287,252.5,0,0
TZ11,JKR,Handled,390,0,0,0,0,0,0,0,0,0,0,0,0
TZ11,JKR,Handled,391,0,0,0,0,0,0,0,0,0,0,0,0
TZ11,JKR,Handled,392,0,0,0,0,0,0,0,0,0,0,0,0
TZ11,JKR,Handled,393,0,0,0,0,0,0,0,0,0,0,0,0
TZ11,JKR,Handled,394,0,0,0,0,0,0,0,0,0,0,0,0
TZ11,JKR,Handled,395,0,0,0,0,0,0,0,0,0,0,0,0
TZ11,JKR,Handled,396,0,0,0,0,0,0,0,0,0,0,0,0
TZ11,JKR,Handled,397,0,0,0,0,0,0,0,0,0,0,0,0
TZ11,JKR,Handled,398,35.021,Poor Eye,0,0,161,246,203.5,176,245,210.5,0,0
TZ11,JKR,Handled,399,35.443,Good,33.105,Good,334,419,376.5,221,290,255.5,0,0
TZ11,JKR,Handled,400,0,0,0,0,0,0,0,0,0,0,0,0
TZ11,JKR,Handled,401,0,0,0,0,0,0,0,0,0,0,0,0
TZ11,JKR,Handled,402,0,0,0,0,0,0,0,0,0,0,0,0
TZ11,JKR,Handled,403,0,0,0,0,0,0,0,0,0,0,0,0
TZ11,JKR,Handled,404,35.601,Good,33.647,Good,295,380,337.5,246,315,280.5,0,0
TZ11,JKR,Handled,405,35.601,Good,34.022,Good,268,353,310.5,174,243,208.5,0,0
TZ11,JKR,Handled,406,35.595,Good,34.027,Good,250,335,292.5,162,231,196.5,0,0
TZ11,JKR,Handled,407,35.685,Good,34.059,Good,250,335,292.5,162,231,196.5,0,0
TZ11,JKR,Handled,408,35.611,Good,0,0,250,335,292.5,162,231,196.5,0,0
TZ11,JKR,Handled,409,36.005,Good,34.07,Good,250,335,292.5,162,231,196.5,0,0
TZ11,JKR,Handled,410,35.889,Good,34.219,Good,250,335,292.5,162,231,196.5,0,0
TZ11,JKR,Handled,411,35.942,Good,34.347,Good,250,335,292.5,162,231,196.5,0,0
TZ11,JKR,Handled,412,35.937,Good,34.379,Good,250,335,292.5,162,231,196.5,0,0
TZ11,JKR,Handled,413,35.637,Good,34.208,Good,250,335,292.5,162,231,196.5,0,0
TZ11,JKR,Handled,414,35.884,Good,34.341,Good,250,335,292.5,162,231,196.5,0,0
TZ11,JKR,Handled,415,35.737,Good,33.984,Good,250,335,292.5,162,231,196.5,0,0
TZ11,JKR,Handled,416,35.627,Good,33.952,Good,250,335,292.5,162,231,196.5,0,0
TZ11,JKR,Handled,417,35.721,Good,34.166,Good,250,335,292.5,162,231,196.5,0,0
TZ11,JKR,Handled,418,35.853,Good,34.363,Good,250,335,292.5,162,231,196.5,0,0
TZ11,JKR,Handled,419,36.015,Good,34.602,Good,250,335,292.5,162,231,196.5,0,0
TZ11,JKR,Handled,420,35.963,Good,34.724,Good,250,335,292.5,162,231,196.5,0,0
TZ11,JKR,Handled,421,35.921,Good,34.819,Good,271,356,313.5,163,232,197.5,0,0
TZ11,JKR,Handled,422,36.02,Good,34.931,Good,208,293,250.5,216,285,250.5,0,0
TZ11,JKR,Handled,423,36.041,Good,35.015,Good,224,309,266.5,233,302,267.5,0,0
TZ11,JKR,Handled,424,35.968,Good,35.306,Good,224,309,266.5,233,302,267.5,0,0
TZ11,JKR,Handled,425,35.758,Good,34.798,Good,224,309,266.5,233,302,267.5,0,0
TZ11,JKR,Handled,426,35.732,Good,34.936,Good,224,309,266.5,233,302,267.5,0,0
TZ11,JKR,Handled,427,35.842,Good,35.031,Good,224,309,266.5,233,302,267.5,0,0
TZ11,JKR,Handled,428,35.743,Good,35.11,Good,203,288,245.5,234,303,268.5,0,1
TZ11,JKR,Handled,429,0,0,0,0,0,0,0,0,0,0,0,1
TZ11,JKR,Handled,430,0,0,0,0,0,0,0,0,0,0,0,1
TZ11,JKR,Handled,431,0,0,0,0,0,0,0,0,0,0,0,1
TZ11,JKR,Handled,432,0,0,0,0,0,0,0,0,0,0,0,1
TZ11,JKR,Handled,433,0,0,0,0,0,0,0,0,0,0,0,1
TZ11,JKR,Handled,434,0,0,0,0,0,0,0,0,0,0,0,1
TZ11,JKR,Handled,435,0,0,0,0,0,0,0,0,0,0,0,1
TZ11,JKR,Handled,436,0,0,0,0,0,0,0,0,0,0,0,1
TZ11,JKR,Handled,437,0,0,0,0,0,0,0,0,0,0,0,1
TZ11,JKR,Handled,438,0,0,0,0,0,0,0,0,0,0,0,1
TZ11,JKR,Handled,439,0,0,0,0,0,0,0,0,0,0,0,1
TZ11,JKR,Handled,440,0,0,0,0,0,0,0,0,0,0,0,1
TZ11,JKR,Handled,441,34.894,Good,34.011,Good,290,418,354,187,307,247,0,1
TZ11,JKR,Handled,442,0,0,0,0,0,0,0,0,0,0,0,1
TZ11,JKR,Handled,443,0,0,0,0,0,0,0,0,0,0,0,1
TZ11,JKR,Handled,444,0,0,33.293,Good,0,0,0,0,0,0,0,1
TZ11,JKR,Handled,445,0,0,34.724,Good,0,0,0,0,0,0,0,1
TZ11,JKR,Handled,446,0,0,33.207,Good,0,0,0,0,0,0,0,1
TZ11,JKR,Handled,447,35.453,Poor Eye,34.421,Good,229,357,293,147,267,207,0,1
TZ11,JKR,Handled,448,35.358,Poor Eye,34.198,Good,229,357,293,147,267,207,0,1
TZ11,JKR,Handled,449,35.474,Good,34.373,Good,229,357,293,147,267,207,0,1
TZ11,JKR,Handled,450,35.422,Good,34.048,Good,229,357,293,147,267,207,0,1
TZ11,JKR,Handled,451,35.464,Good,33.347,Good,229,357,293,147,267,207,0,1
TZ11,JKR,Handled,452,35.411,Good,32.331,Good,229,357,293,147,267,207,0,1
TZ11,JKR,Handled,453,35.511,Good,32.462,Good,229,357,293,147,267,207,0,1
TZ11,JKR,Handled,454,35.537,Good,33.212,Good,229,357,293,147,267,207,0,1
TZ11,JKR,Handled,455,35.49,Good,34.187,Good,229,357,293,147,267,207,0,1
TZ11,JKR,Handled,456,35.411,Good,34,Good,229,357,293,147,267,207,0,1
TZ11,JKR,Handled,457,35.422,Good,34.187,Good,229,357,293,147,267,207,0,1
TZ11,JKR,Handled,458,35.553,Good,34.469,Good,229,357,293,147,267,207,0,1
TZ11,JKR,Handled,459,35.495,Good,33.427,Good,229,357,293,147,267,207,0,1
TZ11,JKR,Handled,460,35.411,Good,33.282,Good,229,357,293,147,267,207,0,1
TZ11,JKR,Handled,461,35.506,Good,33.395,Good,229,357,293,147,267,207,0,1
TZ11,JKR,Handled,462,35.516,Good,33.54,Good,229,357,293,147,267,207,0,1
TZ11,JKR,Handled,463,35.353,Good,33.749,Good,229,357,293,147,267,207,0,1
TZ11,JKR,Handled,464,35.343,Good,31.847,Good,229,357,293,147,267,207,0,1
TZ11,JKR,Handled,465,35.469,Good,31.388,Good,229,357,293,147,267,207,0,1
TZ11,JKR,Handled,466,35.537,Good,31.58,Good,244,372,308,172,292,232,0,1
TZ11,JKR,Handled,467,35.537,Good,31.125,Good,244,372,308,172,292,232,0,1
TZ11,JKR,Handled,468,35.453,Good,32.857,Good,244,372,308,172,292,232,0,1
TZ11,JKR,Handled,469,35.464,Good,33.196,Good,244,372,308,172,292,232,0,1
TZ11,JKR,Handled,470,35.448,Good,33.722,Good,244,372,308,172,292,232,0,1
TZ11,JKR,Handled,471,35.411,Good,33.904,Good,244,372,308,172,292,232,0,1
TZ11,JKR,Handled,472,35.432,Good,32.532,Good,244,372,308,172,292,232,0,1
TZ11,JKR,Handled,473,35.474,Good,32.937,Good,244,372,308,172,292,232,0,1
TZ11,JKR,Handled,474,35.443,Good,32.937,Good,244,372,308,172,292,232,0,1
TZ11,JKR,Handled,475,35.437,Good,33.384,Good,244,372,308,172,292,232,0,1
TZ11,JKR,Handled,476,35.295,Good,33.813,Good,244,372,308,172,292,232,0,1
TZ11,JKR,Handled,477,35.379,Good,33.883,Good,244,372,308,172,292,232,0,1
TZ11,JKR,Handled,478,35.427,Good,33.642,Good,244,372,308,172,292,232,0,1
TZ11,JKR,Handled,479,35.385,Good,33.158,Good,244,372,308,172,292,232,0,1
TZ11,JKR,Handled,480,35.353,Good,33.443,Good,244,372,308,172,292,232,1,1
TZ11,JKR,Handled,481,35.448,Good,33.196,Good,244,372,308,172,292,232,1,1
TZ11,JKR,Handled,482,35.385,Good,33.341,Good,244,372,308,172,292,232,1,1
TZ11,JKR,Handled,483,35.337,Good,33.658,Good,244,372,308,172,292,232,1,1
TZ11,JKR,Handled,484,35.343,Good,32.586,Good,244,372,308,172,292,232,1,1
TZ11,JKR,Handled,485,35.29,Good,31.902,Good,244,372,308,172,292,232,1,1
TZ11,JKR,Handled,486,35.248,Good,31.629,Good,244,372,308,172,292,232,1,1
TZ11,JKR,Handled,487,35.179,Good,31.7,Good,244,372,308,172,292,232,1,1
TZ11,JKR,Handled,488,35.158,Good,31.94,Good,244,372,308,172,292,232,1,1
TZ11,JKR,Handled,489,35.1,Good,31.558,Good,244,372,308,172,292,232,1,1
TZ11,JKR,Handled,490,34.978,Good,31.361,Good,244,372,308,172,292,232,1,1
TZ11,JKR,Handled,491,35.042,Good,32.109,Good,244,372,308,172,292,232,1,1
TZ11,JKR,Handled,492,35.063,Good,31.004,Good,244,372,308,172,292,232,1,1
TZ11,JKR,Handled,493,35.026,Good,31.081,Good,244,372,308,172,292,232,1,1
TZ11,JKR,Handled,494,34.999,Good,31.531,Good,244,372,308,172,292,232,1,1
TZ11,JKR,Handled,495,34.957,Good,32.12,Good,244,372,308,172,292,232,1,1
TZ11,JKR,Handled,496,34.989,Good,31.427,Good,244,372,308,172,292,232,1,1
TZ11,JKR,Handled,497,35.026,Good,31.295,Good,244,372,308,172,292,232,1,1
TZ11,JKR,Handled,498,35.005,Good,0,0,244,372,308,172,292,232,1,1
TZ11,JKR,Handled,499,35.005,Good,31.344,Good,244,372,308,172,292,232,1,1
TZ11,JKR,Handled,500,34.936,Good,30.856,Good,236,364,300,137,257,197,1,1
TZ11,JKR,Handled,501,34.92,Good,31.076,Good,236,364,300,137,257,197,1,1
TZ11,JKR,Handled,502,34.925,Good,31.18,Good,236,364,300,137,257,197,1,1
TZ11,JKR,Handled,503,34.968,Good,30.933,Good,236,364,300,137,257,197,1,1
TZ11,JKR,Handled,504,34.878,Good,30.503,Good,236,364,300,137,257,197,1,1
TZ11,JKR,Handled,505,29.47,Poor Eye,26.137,Poor Beak,236,364,300,137,257,197,1,1
TZ11,JKR,Handled,506,30.436,Poor Eye,0,0,236,364,300,137,257,197,1,1
TZ11,JKR,Handled,507,34.878,Good,31.377,Good,236,364,300,137,257,197,1,1
TZ11,JKR,Handled,508,34.708,Good,31.427,Good,236,364,300,137,257,197,1,1
TZ11,JKR,Handled,509,34.676,Good,30.74,Good,236,364,300,137,257,197,1,1
TZ11,JKR,Handled,510,34.772,Good,30.442,Good,206,334,270,121,241,181,1,1
TZ11,JKR,Handled,511,34.819,Good,31.465,Good,223,351,287,169,289,229,1,1
TZ11,JKR,Handled,512,34.761,Good,31.295,Good,223,351,287,169,289,229,1,1
TZ11,JKR,Handled,513,34.867,Good,30.806,Good,223,351,287,169,289,229,1,1
TZ11,JKR,Handled,514,34.846,Good,31.514,Good,223,351,287,169,289,229,1,1
TZ11,JKR,Handled,515,34.878,Good,31.081,Good,223,351,287,169,289,229,1,1
TZ11,JKR,Handled,516,34.83,Good,30.718,Good,223,351,287,169,289,229,1,1
TZ11,JKR,Handled,517,34.66,Good,30.955,Good,223,351,287,169,289,229,1,1
TZ11,JKR,Handled,518,34.719,Good,31.339,Good,223,351,287,169,289,229,1,1
TZ11,JKR,Handled,519,34.835,Poor Eye,30.845,Good,220,401,310.5,176,352,264,1,1
TZ11,JKR,Handled,520,34.655,Poor Eye,29.804,Good,220,401,310.5,176,352,264,1,1
TZ11,JKR,Handled,521,34.793,Poor Eye,0,0,220,401,310.5,176,352,264,1,1
TZ11,JKR,Handled,522,34.894,Poor Eye,30.878,Good,220,401,310.5,176,352,264,1,1
TZ11,JKR,Handled,523,34.968,Poor Eye,32.049,Good,220,401,310.5,176,352,264,1,1
TZ11,JKR,Handled,524,35.052,Poor Eye,32.185,Good,220,401,310.5,176,352,264,1,1
TZ11,JKR,Handled,525,34.878,Poor Eye,32.179,Good,220,401,310.5,176,352,264,1,1
TZ11,JKR,Handled,526,30.552,Poor Eye,28.465,Poor Beak,220,401,310.5,176,352,264,1,1
TZ11,JKR,Handled,527,0,0,0,0,0,0,0,0,0,0,1,1
TZ11,JKR,Handled,528,0,0,31.722,Good,0,0,0,0,0,0,1,1
TZ11,JKR,Handled,529,34.83,Good,30.525,Good,220,401,310.5,176,352,264,1,1
TZ11,JKR,Handled,530,34.83,Good,30.729,Good,220,401,310.5,176,352,264,1,1
TZ11,JKR,Handled,531,34.75,Good,30.729,Good,220,401,310.5,176,352,264,1,1
TZ11,JKR,Handled,532,34.74,Good,30.635,Good,220,401,310.5,176,352,264,1,1
TZ11,JKR,Handled,533,34.777,Good,30.63,Good,220,401,310.5,176,352,264,0,1
TZ11,JKR,Handled,534,34.75,Good,30.259,Good,220,401,310.5,176,352,264,0,1
TZ11,JKR,Handled,535,34.713,Good,30.143,Good,220,401,310.5,176,352,264,0,1
TZ11,JKR,Handled,536,34.719,Good,30.574,Good,220,401,310.5,176,352,264,0,1
TZ11,JKR,Handled,537,34.687,Good,30.414,Good,220,401,310.5,176,352,264,0,1
TZ11,JKR,Handled,538,34.788,Good,29.531,Good,220,401,310.5,176,352,264,0,1
TZ11,JKR,Handled,539,34.846,Good,30.53,Good,220,401,310.5,176,352,264,0,1
TZ11,JKR,Handled,540,34.83,Good,30.74,Good,220,401,310.5,176,352,264,0,1
TZ11,JKR,Handled,541,30.734,Poor Eye,0,0,220,401,310.5,176,352,264,0,1
TZ11,JKR,Handled,542,28.075,Poor Eye,0,0,220,401,310.5,176,352,264,0,1
TZ11,JKR,Handled,543,34.809,Good,30.795,Good,220,401,310.5,176,352,264,0,1
TZ11,JKR,Handled,544,34.883,Good,30.491,Good,220,401,310.5,176,352,264,0,1
TZ11,JKR,Handled,545,34.941,Good,30.558,Good,220,401,310.5,176,352,264,0,1
TZ11,JKR,Handled,546,34.856,Good,30.497,Good,220,401,310.5,176,352,264,0,1
TZ11,JKR,Handled,547,34.872,Good,30.69,Good,220,401,310.5,176,352,264,0,1
TZ11,JKR,Handled,548,34.814,Good,30.916,Good,258,439,348.5,123,299,211,0,1
TZ11,JKR,Handled,549,34.586,Good,30.06,Good,258,439,348.5,123,299,211,0,1
TZ11,JKR,Handled,550,34.682,Good,29.681,Good,258,439,348.5,123,299,211,0,1
TZ11,JKR,Handled,551,34.549,Good,30.519,Good,258,439,348.5,123,299,211,0,1
TZ11,JKR,Handled,552,34.575,Good,30.464,Good,258,439,348.5,123,299,211,0,1
TZ11,JKR,Handled,553,74.125,,0,0,258,439,348.5,123,299,211,0,1
TZ11,JKR,Handled,554,0,0,27.911,Good,0,0,0,0,0,0,0,1
TZ11,JKR,Handled,555,34.697,Good,30.17,Good,263,444,353.5,84,260,172,0,1
TZ11,JKR,Handled,556,34.464,Good,30.098,Good,249,430,339.5,147,323,235,0,1
TZ11,JKR,Handled,557,34.602,Good,30.17,Good,249,430,339.5,147,323,235,0,1
TZ11,JKR,Handled,558,34.4,Good,29.854,Good,249,430,339.5,147,323,235,0,1
TZ11,JKR,Handled,559,34.437,Good,29.826,Good,249,430,339.5,147,323,235,0,1
TZ11,JKR,Handled,560,34.671,Good,30.17,Good,249,430,339.5,147,323,235,0,1
TZ11,JKR,Handled,561,34.735,Good,30.519,Good,249,430,339.5,147,323,235,0,1
TZ11,JKR,Handled,562,34.554,Good,30.093,Good,249,430,339.5,147,323,235,0,1
TZ11,JKR,Handled,563,34.469,Good,0,0,248,429,338.5,81,257,169,0,1
TZ11,JKR,Handled,564,34.31,Good,29.765,Good,248,429,338.5,81,257,169,0,1
TZ11,JKR,Handled,565,34.043,Poor Eye,28.375,Good,248,429,338.5,81,257,169,0,1
TZ11,JKR,Handled,566,34.262,Poor Eye,29.854,Poor Beak,248,429,338.5,81,257,169,0,1
TZ11,JKR,Handled,567,34.091,Poor Eye,29.665,Poor Beak,248,429,338.5,81,257,169,0,1
TZ11,JKR,Handled,568,34.368,Poor Eye,0,0,317,498,407.5,130,306,218,0,1
TZ11,JKR,Handled,569,34.581,Good,30.281,Good,317,498,407.5,130,306,218,0,1
TZ11,JKR,Handled,570,34.623,Good,30.254,Good,191,372,281.5,118,294,206,0,1
TZ11,JKR,Handled,571,34.697,Good,30.337,Good,191,372,281.5,118,294,206,0,1
TZ11,JKR,Handled,572,34.894,Good,31.24,Good,191,372,281.5,118,294,206,0,1
TZ11,JKR,Handled,573,34.899,Good,29.882,Good,191,372,281.5,118,294,206,0,1
TZ11,JKR,Handled,574,31.372,Poor Eye,28.859,Poor Beak,191,372,281.5,118,294,206,0,1
TZ11,JKR,Handled,575,35.089,Good,31.76,Good,191,372,281.5,118,294,206,0,1
TZ11,JKR,Handled,576,35.11,Good,30.109,Good,191,372,281.5,118,294,206,0,1
TZ11,JKR,Handled,577,35.195,Good,30.248,Good,239,420,329.5,136,312,224,0,1
TZ11,JKR,Handled,578,35.19,Good,30.37,Good,239,420,329.5,136,312,224,0,1
TZ11,JKR,Handled,579,35.248,Good,31.054,Good,239,420,329.5,136,312,224,0,1
TZ11,JKR,Handled,580,34.735,Good,30.398,Good,239,420,329.5,136,312,224,0,1
TZ11,JKR,Handled,581,34.57,Good,30.591,Good,157,338,247.5,152,328,240,0,1
TZ11,JKR,Handled,582,34.676,Good,30.353,Good,214,395,304.5,172,348,260,0,1
TZ11,JKR,Handled,583,34.798,Good,30.026,Good,214,395,304.5,172,348,260,0,1
TZ11,JKR,Handled,584,34.846,Good,29.893,Good,214,395,304.5,172,348,260,0,1
TZ11,JKR,Handled,585,34.888,Good,30.176,Good,214,395,304.5,172,348,260,0,1
TZ11,JKR,Handled,586,34.878,Good,30.237,Good,214,395,304.5,172,348,260,0,1
TZ11,JKR,Handled,587,34.777,Good,29.971,Good,214,395,304.5,172,348,260,0,1
TZ11,JKR,Handled,588,34.819,Good,29.998,Good,214,395,304.5,172,348,260,0,1
TZ11,JKR,Handled,589,34.819,Good,29.91,Good,214,395,304.5,172,348,260,0,1
TZ11,JKR,Handled,590,34.708,Good,30.342,Good,214,395,304.5,172,348,260,0,1
TZ11,JKR,Handled,591,34.766,Good,30.42,Good,214,395,304.5,172,348,260,0,1
TZ11,JKR,Handled,592,34.75,Good,29.759,Good,214,395,304.5,172,348,260,0,1
TZ11,JKR,Handled,593,34.549,Good,30.508,Good,214,395,304.5,172,348,260,0,1
TZ11,JKR,Handled,594,34.586,Good,30.789,Good,214,395,304.5,172,348,260,0,1
TZ11,JKR,Handled,595,34.74,Good,30.087,Good,208,389,298.5,124,300,212,0,1
TZ11,JKR,Handled,596,34.994,Good,30.53,Good,208,389,298.5,124,300,212,0,1
TZ11,JKR,Handled,597,34.999,Good,29.871,Good,208,389,298.5,124,300,212,0,1
TZ11,JKR,Handled,598,35.042,Good,30.696,Good,208,389,298.5,124,300,212,0,1
TZ11,JKR,Handled,599,35.047,Good,30.536,Good,208,389,298.5,124,300,212,0,1
TZ11,JKR,Handled,600,35.179,Good,29.865,Good,208,389,298.5,124,300,212,0,1
TZ11,JKR,Handled,601,35.327,Good,30.977,Good,208,389,298.5,124,300,212,1,1
TZ11,JKR,Handled,602,35.379,Good,30.707,Good,208,389,298.5,124,300,212,1,1
TZ11,JKR,Handled,603,35.263,Good,31.246,Good,208,389,298.5,124,300,212,1,1
TZ11,JKR,Handled,604,35.337,Good,30.911,Good,208,389,298.5,124,300,212,1,1
TZ11,JKR,Handled,605,35.263,Good,30.767,Good,208,389,298.5,124,300,212,1,1
TZ11,JKR,Handled,606,35.3,Good,31.24,Good,208,389,298.5,124,300,212,1,1
TZ11,JKR,Handled,607,35.279,Good,29.809,Good,208,389,298.5,124,300,212,1,1
TZ11,JKR,Handled,608,35.279,Good,30.398,Good,208,389,298.5,124,300,212,1,1
TZ11,JKR,Handled,609,35.295,Good,30.889,Good,208,389,298.5,124,300,212,1,1
TZ11,JKR,Handled,610,35.168,Good,31.158,Good,208,389,298.5,124,300,212,1,1
TZ11,JKR,Handled,611,35.195,Good,31.585,Good,208,389,298.5,124,300,212,1,1
TZ11,JKR,Handled,612,35.184,Good,32.038,Good,208,389,298.5,124,300,212,1,1
TZ11,JKR,Handled,613,35.211,Good,30.834,Good,208,389,298.5,124,300,212,1,1
TZ11,JKR,Handled,614,35.179,Good,30.707,Good,177,358,267.5,191,367,279,1,1
TZ11,JKR,Handled,615,35.195,Good,30.607,Good,177,358,267.5,191,367,279,1,1
TZ11,JKR,Handled,616,35.3,Good,30.74,Good,177,358,267.5,191,367,279,1,1
TZ11,JKR,Handled,617,35.163,Good,29.915,Good,177,358,267.5,191,367,279,1,1
TZ11,JKR,Handled,618,35.369,Good,29.615,Good,177,358,267.5,191,367,279,1,1
TZ11,JKR,Handled,619,35.416,Good,29.514,Good,177,358,267.5,191,367,279,1,1
TZ11,JKR,Handled,620,35.464,Good,30.375,Good,177,358,267.5,191,367,279,1,1
TZ11,JKR,Handled,621,35.564,Good,30.723,Good,177,358,267.5,191,367,279,1,1
TZ11,JKR,Handled,622,35.7,Good,30.032,Good,177,358,267.5,191,367,279,1,1
TZ11,JKR,Handled,623,35.495,Good,29.732,Good,218,371,294.5,160,307,233.5,1,1
TZ11,JKR,Handled,624,35.553,Good,29.998,Good,218,371,294.5,160,307,233.5,1,1
TZ11,JKR,Handled,625,35.516,Good,30.652,Good,218,371,294.5,160,307,233.5,1,1
TZ11,JKR,Handled,626,35.601,Good,30.392,Good,218,371,294.5,160,307,233.5,1,1
TZ11,JKR,Handled,627,35.658,Good,30.734,Good,218,371,294.5,160,307,233.5,1,1
TZ11,JKR,Handled,628,35.632,Good,30.054,Good,218,371,294.5,160,307,233.5,1,1
TZ11,JKR,Handled,629,35.59,Good,30.054,Good,218,371,294.5,160,307,233.5,1,1
TZ11,JKR,Handled,630,35.643,Good,30.409,Good,218,371,294.5,160,307,233.5,1,1
TZ11,JKR,Handled,631,35.732,Good,30.497,Good,218,371,294.5,160,307,233.5,1,1
TZ11,JKR,Handled,632,35.748,Good,29.937,Good,218,371,294.5,160,307,233.5,1,1
TZ11,JKR,Handled,633,35.795,Good,30.525,Good,218,371,294.5,160,307,233.5,1,1
TZ11,JKR,Handled,634,35.727,Good,30.889,Good,218,371,294.5,160,307,233.5,1,1
TZ11,JKR,Handled,635,35.564,Good,29.748,Good,218,371,294.5,160,307,233.5,1,1
TZ11,JKR,Handled,636,35.416,Good,29.224,Good,218,371,294.5,160,307,233.5,1,1
TZ11,JKR,Handled,637,35.485,Good,29.089,Good,218,371,294.5,160,307,233.5,1,1
TZ11,JKR,Handled,638,35.501,Good,30.015,Good,218,371,294.5,160,307,233.5,1,1
TZ11,JKR,Handled,639,35.469,Good,29.559,Good,218,371,294.5,160,307,233.5,1,1
TZ11,JKR,Handled,640,35.237,Good,29.352,Good,218,371,294.5,160,307,233.5,1,1
TZ11,JKR,Handled,641,35.422,Good,29.196,Good,218,371,294.5,160,307,233.5,1,1
TZ11,JKR,Handled,642,35.379,Good,30.292,Good,218,371,294.5,160,307,233.5,1,1
TZ11,JKR,Handled,643,35.601,Good,30.093,Good,218,371,294.5,160,307,233.5,1,1
TZ11,JKR,Handled,644,35.285,Good,29.837,Good,218,371,294.5,160,307,233.5,1,1
TZ11,JKR,Handled,645,35.469,Good,30.276,Good,218,371,294.5,160,307,233.5,1,1
TZ11,JKR,Handled,646,35.422,Good,30.778,Good,218,371,294.5,160,307,233.5,1,1
TZ11,JKR,Handled,647,35.395,Good,31.136,Good,218,371,294.5,160,307,233.5,1,1
TZ11,JKR,Handled,648,35.343,Good,30.303,Good,218,371,294.5,160,307,233.5,1,1
TZ11,JKR,Handled,649,35.464,Good,30.281,Good,218,371,294.5,160,307,233.5,1,1
TZ11,JKR,Handled,650,35.585,Good,29.715,Good,250,403,326.5,151,298,224.5,1,1
TZ11,JKR,Handled,651,35.664,Good,30.121,Good,250,403,326.5,151,298,224.5,1,1
TZ11,JKR,Handled,652,35.643,Good,30.469,Good,250,403,326.5,151,298,224.5,1,1
TZ11,JKR,Handled,653,35.611,Good,29.637,Good,250,403,326.5,151,298,224.5,1,1
TZ11,JKR,Handled,654,35.569,Good,29.592,Good,250,403,326.5,151,298,224.5,1,1
TZ11,JKR,Handled,655,35.522,Good,28.842,Good,250,403,326.5,151,298,224.5,1,1
TZ11,JKR,Handled,656,35.464,Good,28.96,Good,250,403,326.5,151,298,224.5,1,1
TZ11,JKR,Handled,657,35.443,Good,30.883,Good,250,403,326.5,151,298,224.5,1,1
TZ11,JKR,Handled,658,35.416,Good,30.795,Good,250,403,326.5,151,298,224.5,1,1
TZ11,JKR,Handled,659,35.459,Good,30.53,Good,250,403,326.5,151,298,224.5,1,1
TZ11,JKR,Handled,660,35.516,Good,30.8,Good,250,403,326.5,151,298,224.5,0,1
TZ11,JKR,Handled,661,35.411,Good,30.353,Good,250,403,326.5,151,298,224.5,0,1
TZ11,JKR,Handled,662,35.337,Good,30.243,Good,250,403,326.5,151,298,224.5,0,1
TZ11,JKR,Handled,663,35.348,Good,30.143,Good,250,403,326.5,151,298,224.5,0,1
TZ11,JKR,Handled,664,35.437,Good,29.804,Good,250,403,326.5,151,298,224.5,0,1
TZ11,JKR,Handled,665,35.379,Good,30.508,Good,250,403,326.5,151,298,224.5,0,1
TZ11,JKR,Handled,666,35.332,Good,29.743,Good,250,403,326.5,151,298,224.5,0,1
TZ11,JKR,Handled,667,35.432,Good,29.184,Good,250,403,326.5,151,298,224.5,0,1
TZ11,JKR,Handled,668,35.395,Good,29.24,Good,250,403,326.5,151,298,224.5,0,1
TZ11,JKR,Handled,669,35.437,Good,29.162,Good,250,403,326.5,151,298,224.5,0,1
TZ11,JKR,Handled,670,35.432,Good,30.563,Good,250,403,326.5,151,298,224.5,0,1
TZ11,JKR,Handled,671,34.952,Good,0,0,232,385,308.5,106,253,179.5,0,1
TZ11,JKR,Handled,672,32.451,Poor Eye,0,0,232,385,308.5,106,253,179.5,0,1
TZ11,JKR,Handled,673,0,0,0,0,0,0,0,0,0,0,0,1
TZ11,JKR,Handled,674,35.168,Good,30.591,Good,232,385,308.5,106,253,179.5,0,1
TZ11,JKR,Handled,675,35.343,Good,30.265,Good,232,385,308.5,106,253,179.5,0,1
TZ11,JKR,Handled,676,35.242,Good,30.204,Good,232,385,308.5,106,253,179.5,0,1
TZ11,JKR,Handled,677,35.068,Good,29.514,Good,232,385,308.5,106,253,179.5,0,1
TZ11,JKR,Handled,678,35.216,Good,30.109,Good,172,325,248.5,101,248,174.5,0,1
TZ11,JKR,Handled,679,35.248,Good,31.295,Good,172,325,248.5,101,248,174.5,0,1
TZ11,JKR,Handled,680,35.19,Good,30.403,Good,172,325,248.5,101,248,174.5,0,1
TZ11,JKR,Handled,681,35.269,Good,30.326,Good,172,325,248.5,101,248,174.5,0,1
TZ11,JKR,Handled,682,35.195,Good,30.359,Good,172,325,248.5,101,248,174.5,0,1
TZ11,JKR,Handled,683,35.132,Good,29.615,Good,172,325,248.5,101,248,174.5,0,1
TZ11,JKR,Handled,684,35.015,Good,29.257,Good,172,325,248.5,101,248,174.5,0,1
TZ11,JKR,Handled,685,35.168,Good,30.525,Good,232,385,308.5,160,307,233.5,0,1
TZ11,JKR,Handled,686,35.174,Good,30.364,Good,232,385,308.5,160,307,233.5,0,1
TZ11,JKR,Handled,687,35.248,Good,30.491,Good,232,385,308.5,160,307,233.5,0,1
TZ11,JKR,Handled,688,34.994,Good,30.204,Good,232,385,308.5,160,307,233.5,0,1
TZ11,JKR,Handled,689,35.195,Good,30.037,Good,232,385,308.5,160,307,233.5,0,1
TZ11,JKR,Handled,690,35.089,Good,31.328,Good,232,385,308.5,160,307,233.5,0,1
TZ11,JKR,Handled,691,35.227,Good,30.01,Good,232,385,308.5,160,307,233.5,0,1
TZ11,JKR,Handled,692,35.163,Good,31.059,Good,232,385,308.5,160,307,233.5,0,1
TZ11,JKR,Handled,693,34.506,Good,0,0,232,385,308.5,160,307,233.5,0,1
TZ11,JKR,Handled,694,35.295,Good,29.626,Good,232,385,308.5,160,307,233.5,0,1
TZ11,JKR,Handled,695,35.279,Good,29.419,Good,232,385,308.5,160,307,233.5,0,1
TZ11,JKR,Handled,696,35.248,Good,30.121,Good,232,385,308.5,160,307,233.5,0,1
TZ11,JKR,Handled,697,35.242,Good,30.514,Good,232,385,308.5,160,307,233.5,0,1
TZ11,JKR,Handled,698,35.353,Good,30.154,Good,232,385,308.5,160,307,233.5,0,1
TZ11,JKR,Handled,699,35.158,Good,31.196,Good,232,385,308.5,160,307,233.5,0,1
TZ11,JKR,Handled,700,35.137,Good,29.022,Good,232,385,308.5,160,307,233.5,0,1
TZ11,JKR,Handled,701,34.968,Good,29.52,Good,232,385,308.5,160,307,233.5,0,1
TZ11,JKR,Handled,702,35.168,Good,0,Good,245,398,321.5,205,352,278.5,0,1
TZ11,JKR,Handled,703,34.788,Good,29.044,Good,245,398,321.5,205,352,278.5,0,1
TZ11,JKR,Handled,704,35.042,Good,30.082,Good,245,398,321.5,205,352,278.5,0,1
TZ11,JKR,Handled,705,35.337,Good,29.965,Good,245,398,321.5,205,352,278.5,0,1
TZ11,JKR,Handled,706,35.163,Good,29.268,Good,234,387,310.5,144,291,217.5,0,1
TZ11,JKR,Handled,707,35.084,Good,30.679,Good,234,387,310.5,144,291,217.5,0,1
TZ11,JKR,Handled,708,35.158,Good,30.491,Good,234,387,310.5,144,291,217.5,0,1
TZ11,JKR,Handled,709,35.068,Good,29.609,Good,234,387,310.5,144,291,217.5,0,1
TZ11,JKR,Handled,710,35.132,Good,29.865,Good,234,387,310.5,144,291,217.5,0,1
TZ11,JKR,Handled,711,35.158,Good,29.637,Good,234,387,310.5,144,291,217.5,0,1
TZ11,JKR,Handled,712,35.158,Good,29.759,Good,234,387,310.5,144,291,217.5,0,1
TZ11,JKR,Handled,713,35.042,Good,29.531,Good,234,387,310.5,144,291,217.5,0,1
TZ11,JKR,Handled,714,35.042,Good,29.592,Good,234,387,310.5,144,291,217.5,0,1
TZ11,JKR,Handled,715,35.031,Good,29.698,Good,234,387,310.5,144,291,217.5,0,1
TZ11,JKR,Handled,716,34.962,Good,29.173,Good,234,387,310.5,144,291,217.5,0,1
TZ11,JKR,Handled,717,35.105,Good,29.28,Good,234,387,310.5,144,291,217.5,0,1
TZ11,JKR,Handled,718,35.158,Good,29.843,Good,234,387,310.5,144,291,217.5,0,1
TZ11,JKR,Handled,719,34.697,Poor Eye,0,0,232,385,308.5,168,315,241.5,0,1
TZ11,JKR,Handled,720,34.946,Poor Eye,0,0,232,385,308.5,168,315,241.5,0,1
TZ11,JKR,Handled,721,34.925,Poor Eye,0,0,232,385,308.5,168,315,241.5,0,1
TZ11,JKR,Handled,722,35.427,Good,30.048,Good,232,385,308.5,168,315,241.5,1,1
TZ11,JKR,Handled,723,33.212,Poor Eye,0,0,232,385,308.5,168,315,241.5,1,1
TZ11,JKR,Handled,724,35.427,Good,30.243,Good,232,385,308.5,168,315,241.5,1,1
TZ11,JKR,Handled,725,35.437,Good,30.032,Good,232,385,308.5,168,315,241.5,1,1
TZ11,JKR,Handled,726,35.343,Good,30.226,Good,232,385,308.5,168,315,241.5,1,1
TZ11,JKR,Handled,727,35.364,Good,29.776,Good,232,385,308.5,168,315,241.5,1,1
TZ11,JKR,Handled,728,35.332,Good,29.821,Good,232,385,308.5,168,315,241.5,1,1
TZ11,JKR,Handled,729,35.369,Good,29.993,Good,232,385,308.5,168,315,241.5,1,1
TZ11,JKR,Handled,730,35.364,Good,30.414,Good,232,385,308.5,168,315,241.5,1,1
TZ11,JKR,Handled,731,35.39,Good,30.165,Good,232,385,308.5,168,315,241.5,1,1
TZ11,JKR,Handled,732,35.453,Good,29.486,Good,232,385,308.5,168,315,241.5,1,1
TZ11,JKR,Handled,733,35.395,Good,29.414,Good,232,385,308.5,146,293,219.5,1,1
TZ11,JKR,Handled,734,35.39,Good,29.184,Good,232,385,308.5,146,293,219.5,1,1
TZ11,JKR,Handled,735,35.406,Good,29.235,Good,232,385,308.5,146,293,219.5,1,1
TZ11,JKR,Handled,736,35.464,Good,29.681,Good,232,385,308.5,146,293,219.5,1,1
TZ11,JKR,Handled,737,35.448,Good,29.86,Good,232,385,308.5,146,293,219.5,1,1
TZ11,JKR,Handled,738,35.432,Good,29.737,Good,232,385,308.5,146,293,219.5,1,1
TZ11,JKR,Handled,739,35.379,Good,29.765,Good,232,385,308.5,146,293,219.5,1,1
TZ11,JKR,Handled,740,35.395,Good,30.32,Good,232,385,308.5,146,293,219.5,1,1
TZ11,JKR,Handled,741,35.327,Good,30.021,Good,232,385,308.5,146,293,219.5,1,1
TZ11,JKR,Handled,742,35.279,Good,30.259,Good,232,385,308.5,146,293,219.5,1,1
TZ11,JKR,Handled,743,35.374,Good,29.587,Good,232,385,308.5,146,293,219.5,1,1
TZ11,JKR,Handled,744,35.406,Good,29.296,Good,232,385,308.5,146,293,219.5,1,1
TZ11,JKR,Handled,745,35.379,Good,29.095,Good,232,385,308.5,146,293,219.5,1,1
TZ11,JKR,Handled,746,35.343,Good,29.117,Good,232,385,308.5,146,293,219.5,1,1
TZ11,JKR,Handled,747,35.374,Good,28.561,Good,232,385,308.5,146,293,219.5,1,1
TZ11,JKR,Handled,748,35.29,Good,29.815,Good,232,385,308.5,146,293,219.5,1,1
TZ11,JKR,Handled,749,35.39,Good,30.021,Good,232,385,308.5,146,293,219.5,1,1
TZ11,JKR,Handled,750,35.322,Good,30.734,Good,232,385,308.5,146,293,219.5,1,1
TZ11,JKR,Handled,751,31.35,Poor Eye,0,0,232,385,308.5,146,293,219.5,1,1
TZ11,JKR,Handled,752,35.248,Good,29.525,Good,232,385,308.5,146,293,219.5,1,1
TZ11,JKR,Handled,753,35.311,Good,29.151,Good,232,385,308.5,146,293,219.5,1,1
TZ11,JKR,Handled,754,35.358,Good,29.044,Good,232,385,308.5,146,293,219.5,1,1
TZ11,JKR,Handled,755,35.2,Good,29.815,Good,232,385,308.5,146,293,219.5,1,1
TZ11,JKR,Handled,756,35.174,Good,30.48,Good,220,373,296.5,128,275,201.5,1,1
TZ11,JKR,Handled,757,35.306,Good,29.173,Good,220,373,296.5,128,275,201.5,1,1
TZ11,JKR,Handled,758,35.348,Good,28.955,Good,220,373,296.5,128,275,201.5,1,1
TZ11,JKR,Handled,759,35.311,Good,29.095,Good,220,373,296.5,128,275,201.5,1,1
TZ11,JKR,Handled,760,35.353,Good,29.252,Good,220,373,296.5,128,275,201.5,1,1
TZ11,JKR,Handled,761,35.258,Good,0,0,220,373,296.5,128,275,201.5,1,1
TZ11,JKR,Handled,762,35.237,Good,29.419,Good,220,373,296.5,128,275,201.5,1,1
TZ11,JKR,Handled,763,35.211,Good,29.57,Good,220,373,296.5,128,275,201.5,1,1
TZ11,JKR,Handled,764,35.147,Good,29.787,Good,220,373,296.5,128,275,201.5,1,1
TZ11,JKR,Handled,765,35.205,Good,29.887,Good,220,373,296.5,128,275,201.5,1,1
TZ11,JKR,Handled,766,35.237,Good,29.954,Good,220,373,296.5,128,275,201.5,1,1
TZ11,JKR,Handled,767,35.332,Good,30.701,Good,220,373,296.5,128,275,201.5,1,1
TZ11,JKR,Handled,768,35.3,Good,29.117,Good,220,373,296.5,128,275,201.5,1,1
TZ11,JKR,Handled,769,35.258,Good,29.061,Good,220,373,296.5,128,275,201.5,1,1
TZ11,JKR,Handled,770,35.437,Good,29.089,Good,220,373,296.5,128,275,201.5,1,1
TZ11,JKR,Handled,771,35.448,Good,29.196,Good,220,373,296.5,128,275,201.5,1,1
TZ11,JKR,Handled,772,35.48,Good,29.308,Good,220,373,296.5,128,275,201.5,1,1
TZ11,JKR,Handled,773,35.39,Good,29.408,Good,220,373,296.5,128,275,201.5,1,1
TZ11,JKR,Handled,774,35.453,Good,29.352,Good,220,373,296.5,128,275,201.5,1,1
TZ11,JKR,Handled,775,35.448,Good,29.358,Good,220,373,296.5,128,275,201.5,1,1
TZ11,JKR,Handled,776,35.295,Good,29.263,Good,220,373,296.5,128,275,201.5,1,1
TZ11,JKR,Handled,777,35.39,Good,29.553,Good,220,373,296.5,128,275,201.5,1,1
TZ11,JKR,Handled,778,34.634,Good,29.033,Poor Beak,220,373,296.5,128,275,201.5,1,1
TZ11,JKR,Handled,779,35.374,Good,29.268,Good,220,373,296.5,128,275,201.5,1,1
TZ11,JKR,Handled,780,35.274,Good,29.358,Good,220,373,296.5,128,275,201.5,1,1
TZ11,JKR,Handled,781,35.395,Good,29.826,Good,220,373,296.5,128,275,201.5,1,1
TZ11,JKR,Handled,782,35.285,Good,30.159,Good,220,373,296.5,128,275,201.5,1,1
TZ11,JKR,Handled,783,35.322,Good,29.358,Good,245,398,321.5,138,285,211.5,1,1
TZ11,JKR,Handled,784,35.343,Good,29.403,Good,245,398,321.5,138,285,211.5,1,1
TZ11,JKR,Handled,785,35.316,Good,29.425,Good,245,398,321.5,138,285,211.5,1,1
TZ11,JKR,Handled,786,35.327,Good,29.028,Good,245,398,321.5,138,285,211.5,0,1
TZ11,JKR,Handled,787,35.205,Good,29.347,Good,245,398,321.5,138,285,211.5,0,1
TZ11,JKR,Handled,788,35.052,Good,29.492,Good,245,398,321.5,138,285,211.5,0,1
TZ11,JKR,Handled,789,35.279,Good,29.771,Good,245,398,321.5,138,285,211.5,0,1
TZ11,JKR,Handled,790,35.19,Good,30.652,Good,245,398,321.5,138,285,211.5,0,1
TZ11,JKR,Handled,791,35.095,Good,28.707,Good,245,398,321.5,138,285,211.5,0,1
TZ11,JKR,Handled,792,35.058,Good,29.078,Good,245,398,321.5,138,285,211.5,0,1
TZ11,JKR,Handled,793,34.994,Good,29.224,Good,245,398,321.5,138,285,211.5,0,1
TZ11,JKR,Handled,794,34.904,Good,29.022,Good,245,398,321.5,138,285,211.5,0,1
TZ11,JKR,Handled,795,34.894,Good,29.542,Poor Beak,245,398,321.5,138,285,211.5,0,1
TZ11,JKR,Handled,796,34.883,Good,29.123,Good,245,398,321.5,138,285,211.5,0,1
TZ11,JKR,Handled,797,34.941,Good,0,0,247,400,323.5,81,228,154.5,0,1
TZ11,JKR,Handled,798,35.095,Good,0,0,335,488,411.5,-3,144,70.5,0,1
TZ11,JKR,Handled,799,34.788,Good,0,0,379,532,455.5,31,178,104.5,0,1
TZ11,JKR,Handled,800,34.325,Good,0,0,415,568,491.5,-5,142,68.5,0,1
