,Slice,R1,R2,R3,P,R,Y,SEuc,MEuc
0,1,3.04612748286696,0.262778331571804,0.616964792210561,176.56448920279,-22.6071371879614,10.5478865722348,31.9310954476892,6.38621908953784
0,2,-2.8492327565508,-0.57152952856378,0.138662175473729,-165.865203624098,2.68680954870423,23.0181083648994,38.4217631350879,6.40362718918131
0,3,2.96378733318633,0.03769193513099,0.440169721665284,171.193378077746,-16.6922831328783,2.75172415272026,45.6969258554325,7.61615430923875
0,0,0.733565969167392,-1.24223566694363,-2.1117667407695,65.0227718419565,9.58826350590095,-133.867557443712,1.45854120213351E-10,1.6206013357039E-11
0,0,0.733565969167392,-1.24223566694363,-2.1117667407695,65.0227718419565,9.58826350590095,-133.867557443712,1.45854120213351E-10,1.6206013357039E-11
0,6,-0.019755224619612,-0.978319335988948,-2.2584077367521,41.8120901678664,-15.2553547054472,-143.673191883722,38.070098741554,6.34501645692567
0,0,0.733565969167392,-1.24223566694363,-2.1117667407695,65.0227718419565,9.58826350590095,-133.867557443712,1.45854120213351E-10,1.6206013357039E-11
0,8,-1.10322580685194,0.147573943044736,2.56894066184215,-3.1532579923458,46.0452896089828,157.350043918659,35.4803445463377,5.91339075772296
0,0,0.733565969167392,-1.24223566694363,-2.1117667407695,65.0227718419565,9.58826350590095,-133.867557443712,1.45854120213351E-10,1.6206013357039E-11
0,0,0.733565969167392,-1.24223566694363,-2.1117667407695,65.0227718419565,9.58826350590095,-133.867557443712,1.45854120213351E-10,1.6206013357039E-11
0,0,0.733565969167392,-1.24223566694363,-2.1117667407695,65.0227718419565,9.58826350590095,-133.867557443712,1.45854120213351E-10,1.6206013357039E-11
0,0,0.733565969167392,-1.24223566694363,-2.1117667407695,65.0227718419565,9.58826350590095,-133.867557443712,1.45854120213351E-10,1.6206013357039E-11
0,0,0.733565969167392,-1.24223566694363,-2.1117667407695,65.0227718419565,9.58826350590095,-133.867557443712,1.45854120213351E-10,1.6206013357039E-11
0,0,0.733565969167392,-1.24223566694363,-2.1117667407695,65.0227718419565,9.58826350590095,-133.867557443712,1.45854120213351E-10,1.6206013357039E-11
0,0,0.733565969167392,-1.24223566694363,-2.1117667407695,65.0227718419565,9.58826350590095,-133.867557443712,1.45854120213351E-10,1.6206013357039E-11
0,0,0.733565969167392,-1.24223566694363,-2.1117667407695,65.0227718419565,9.58826350590095,-133.867557443712,1.45854120213351E-10,1.6206013357039E-11
0,0,0.733565969167392,-1.24223566694363,-2.1117667407695,65.0227718419565,9.58826350590095,-133.867557443712,1.45854120213351E-10,1.6206013357039E-11
0,0,0.733565969167392,-1.24223566694363,-2.1117667407695,65.0227718419565,9.58826350590095,-133.867557443712,1.45854120213351E-10,1.6206013357039E-11
0,0,0.733565969167392,-1.24223566694363,-2.1117667407695,65.0227718419565,9.58826350590095,-133.867557443712,1.45854120213351E-10,1.6206013357039E-11
0,20,-2.41887959578686,-0.249079019459771,0.373843681608409,-138.688383838308,11.6349194777639,16.1575710901145,18.4524880745616,3.0754146790936
0,21,-2.57925847148522,-0.282861599652047,0.317103267721909,-148.077153127066,9.70872704634221,15.2999593097425,23.3593174893366,3.89321958155611
0,22,-2.44407009995693,-0.258030763783987,0.22608941266849,-140.375586194972,5.53237896912615,14.047722942383,22.4791307543898,3.7465217923983
0,23,-2.70039431864865,-0.790624530863986,0.16483699447694,-160.357839459436,1.1530470699355,32.8376803695573,26.18433872346,4.36405645391001
0,24,-2.61819105231876,-0.553005509996089,0.007861716994614,-153.760328027213,-5.01071037416157,22.6844912825286,30.3575223658547,5.05958706097578
0,25,-2.55501518891951,-0.736847844097029,0.272305341285321,-150.944928057357,3.42644655200959,33.062498338191,26.5540408056895,4.42567346761492
0,0,0.733565969167392,-1.24223566694363,-2.1117667407695,65.0227718419565,9.58826350590095,-133.867557443712,1.45854120213351E-10,1.6206013357039E-11
0,0,0.733565969167392,-1.24223566694363,-2.1117667407695,65.0227718419565,9.58826350590095,-133.867557443712,1.45854120213351E-10,1.6206013357039E-11
0,28,-0.741746944843369,0.455843821672178,2.74164087553778,15.6199721086673,31.6318387720946,168.526696650085,30.8240047246436,5.13733412077393
0,29,-1.21176872449553,-0.512362214452814,2.84312092950841,-24.8860748037818,44.4772756992846,169.132339084647,16.4836403152057,3.29672806304114
0,30,-1.20360771738616,0.312973769740317,2.76497961542709,12.2455538070417,47.1595466633685,178.464276681096,28.0619118855128,4.67698531425213
0,31,-1.21605602578009,0.278145788676994,2.76720444154392,10.6025979065117,47.571174976672,178.010323017502,30.1192216254679,5.01987027091132
0,32,0.677257007661509,0.092579258019535,-2.60038845142393,3.06455980891248,28.5373598825148,-152.42314286172,14.6445635059055,2.9289127011811
0,33,1.36321880492935,-0.180946030384071,-2.62222127017785,18.3791302018644,52.9254290612619,-159.112957233717,29.8216358735616,4.97027264559359
0,34,1.1146494905514,0.295426402600207,-2.46357489642404,-1.7865169843229,48.9579841994086,-154.234042439661,25.8619003709532,4.3103167284922
0,35,1.34902858116332,-0.200835772347426,-2.48041137873102,26.0396074934908,52.5123179496172,-146.704220413531,30.1986038660381,5.03310064433968
0,36,1.30437814954732,-0.662602174678835,-2.48210991064099,45.7519511832415,45.0453815026368,-142.86727946582,4.71611744856249,1.17902936214062
0,37,-1.17500985797635,0.340935721952687,2.88306951546856,15.8135743038215,43.7693846325413,-174.215397265406,27.757357596482,4.62622626608033
0,0,0.733565969167392,-1.24223566694363,-2.1117667407695,65.0227718419565,9.58826350590095,-133.867557443712,1.45854120213351E-10,1.6206013357039E-11
0,39,-0.553089437957634,0.443159994599951,2.80529147490327,15.5562883844656,23.7409654670885,168.628772652132,28.0954134279667,4.68256890466112
0,40,0.021776164959005,-0.376693809475492,-2.55792952353537,15.7540278710987,-3.52490948522634,-148.305376134167,19.422708449943,3.2371180749905
0,41,0.733565969167392,-1.24223566694363,-2.1117667407695,65.0227718419565,9.58826350590095,-133.867557443712,1.45854120213351E-10,1.6206013357039E-11
0,0,0.733565969167392,-1.24223566694363,-2.1117667407695,65.0227718419565,9.58826350590095,-133.867557443712,1.45854120213351E-10,1.6206013357039E-11
0,0,0.733565969167392,-1.24223566694363,-2.1117667407695,65.0227718419565,9.58826350590095,-133.867557443712,1.45854120213351E-10,1.6206013357039E-11
0,0,0.733565969167392,-1.24223566694363,-2.1117667407695,65.0227718419565,9.58826350590095,-133.867557443712,1.45854120213351E-10,1.6206013357039E-11
0,45,0.233811797394964,0.885020321435236,-2.81323299739003,-34.1627888890426,11.7442972907619,-172.586551593761,10.2171720985246,1.70286201642077
0,46,0.211372458700881,0.732095025167726,-2.86506155862129,-27.9490227066668,10.3809562750581,-172.102130975319,8.9131197980868,1.4855199663478
0,47,0.43953035376373,0.732060348979946,-2.85626656528666,-27.9437090337875,18.6586285027186,-175.089440510108,10.2960564076892,1.71600940128153
0,48,0.717527855690899,0.809373589818607,-2.72717136826462,-32.0053438366415,30.4441670148738,-176.126180378884,9.6728027069465,1.61213378449108
0,49,0.603573323393963,0.716898643314206,-2.77133524753872,-27.481241555792,26.0326142572664,-173.406346397924,9.29984791562676,1.54997465260446
0,50,0.60086194691021,0.771676581378329,-2.76628016201958,-29.8889915595978,25.861330077383,-174.408367969465,8.64754634178293,1.44125772363049
0,0,0.733565969167392,-1.24223566694363,-2.1117667407695,65.0227718419565,9.58826350590095,-133.867557443712,1.45854120213351E-10,1.6206013357039E-11
0,0,0.733565969167392,-1.24223566694363,-2.1117667407695,65.0227718419565,9.58826350590095,-133.867557443712,1.45854120213351E-10,1.6206013357039E-11
0,53,-1.10943178283179,0.472289621140907,2.57451863125964,15.4699963968243,47.7360164774664,168.010996916305,35.4364360902323,5.90607268170538
0,54,-0.426061200128647,-0.358201282184461,-2.95322633947698,12.9298609452699,-17.0706629592103,-173.99824141999,27.0540733755679,4.50901222926131
0,55,-0.479834196341706,-0.229007152445814,-2.94029437964898,7.62107376143617,-19.0211555305771,-172.335010142429,29.1352356076964,4.85587260128274
0,56,-0.346090345750983,-0.244438115068224,-2.96705788821737,8.5295134290144,-13.8378258429559,-172.677821395237,24.2864428879064,4.04774048131773
0,57,-0.405138945282773,-0.305361159930798,-2.96678484273475,10.8872003951873,-16.1131049461834,-173.8880562585,24.7789965094286,4.12983275157143
0,58,-0.33003296046715,-0.295087238560927,-2.98442792042699,10.6024911774787,-13.1626537068793,-174.015143335829,24.3044408148059,4.05074013580099
0,59,-1.06322734193789,0.462932445762051,2.5653199545254,14.3012163300993,46.2886850259472,165.656211197712,35.7431832836491,5.95719721394152
0,60,-1.03728874253298,0.450248530783941,2.61799988133745,14.5699454995867,44.3491357419209,167.900461818414,33.8329224173414,5.63882040289023
0,61,-0.397918459115893,-0.378550294778893,-2.98963780343775,13.8803630290201,-15.635190629249,-175.977433394296,27.6820111110774,4.6136685185129
0,62,-0.415153735986816,-0.361754458518622,-2.9764134503221,13.1707417834634,-16.4106139268657,-175.226014653089,28.8626096666725,4.81043494444542
0,63,-0.065691978049586,-0.423566591684182,-2.99391057444795,15.9179906935647,-3.39531300378185,-173.694081191164,27.1894246420804,4.53157077368006
0,64,-0.110010423786854,-0.279534472089389,-3.00461423218083,10.3544951697829,-4.78973465377524,-173.409468150453,33.071810014638,5.511968335773
0,65,-0.151796052839625,-0.32020500507909,-2.98644852028068,11.8351076326679,-6.5482354586333,-172.93694302388,25.9237772611077,4.32062954351795
0,66,-1.14080215884628,0.465134635078855,2.57170939158274,15.3074104199273,48.866000084415,168.59158646638,32.6393112199305,5.43988520332174
0,67,-0.314520938152143,-0.503084006397221,-2.86301415808109,18.6335581714679,-14.2024973321331,-169.602728535438,28.4360079987028,4.73933466645046
0,68,-0.282985486606224,-0.417205100260548,-3.06089567943351,15.4449130671292,-10.6760679475878,-179.16047045469,26.5535749247383,4.42559582078972
0,69,-0.126020109568836,-0.347342465058012,-3.09093711523285,12.7766497080815,-4.79394528374266,-178.883913082317,27.293358593688,4.548893098948
0,70,-1.15150391039256,0.500666414906847,2.64647980355201,19.2661256075093,47.5920648225781,175.105628131325,35.6427825478019,5.94046375796699
0,71,-1.23253781833244,0.542844924925314,2.6627002406749,23.4231003132343,49.5682228450694,-179.183227142732,30.7699809432806,5.12833015721343
0,72,-1.1114284647018,0.543511170019447,2.41433125839088,15.7610896673815,51.2142037394758,160.098635993452,31.1626674842074,5.19377791403456
0,73,-0.211470044975178,-0.723097402740663,-2.85087829322186,27.6443857002182,-10.6251528310136,-171.195008883858,32.9492942580782,5.49154904301303
0,74,-0.014408137579117,-0.576776375764309,-2.73286489367786,23.0448060562774,-4.60617028352533,-160.541581297811,20.3969248819359,3.39948748032264
0,75,0.779371930284612,-0.848951380439101,-2.65942812987608,40.8045001651175,24.5609786579372,-155.570187852079,25.8856167917115,4.31426946528525
0,76,-1.47403762287983,0.50024311391848,2.67309704385322,27.432227739376,56.1929591351599,-168.354044440532,29.4554429981541,4.90924049969234
0,77,-1.44533526534716,0.471233634184241,2.64879681824592,24.0698616515695,56.3907595929406,-172.742196106594,30.3547048640692,5.05911747734486
0,78,-1.47392674926029,0.461644379465379,2.64180645060726,24.2034812868806,57.4035924903918,-172.010780356686,30.6443088246663,5.10738480411104
0,79,-1.43139533418876,0.455646273128952,2.68490066862855,23.5252106924036,55.1676560478009,-171.852390834873,30.3202077399973,5.05336795666621
0,80,0.059954517487592,-0.422195712959335,-2.85130273159012,16.8679712983583,0.172117703889123,-164.996113436039,30.0768529554073,5.01280882590122
0,81,0.047855688776707,-0.47733323678476,-2.92021327146849,18.5796063331367,0.1385492848708,-169.396729818226,27.0649924201961,4.51083207003268
0,82,-1.32833373987817,0.473743220600039,2.58331910559124,19.2883040871163,54.7088894995553,177.110306963128,30.8865433791561,5.14775722985935
0,83,-1.42301856942274,0.473469734751982,2.6190379065934,22.7594425353541,56.5697763606925,-175.792257186984,31.0787626622567,5.17979377704278
0,84,-1.36969614051542,0.466334569922748,2.69637164929585,22.7078726594608,53.1220251854206,-173.83634909312,29.1129935146876,4.85216558578127
0,85,-1.35965109719834,0.48100166005847,2.65292082444918,22.3323593546605,53.8656351426529,-176.499146796245,29.7640125278436,4.9606687546406
0,86,-1.35542039194291,0.486269791213668,2.64654302159076,22.3999567262064,53.8775008349552,-176.896519983965,30.8890801473695,5.14818002456158
0,87,-1.4416645747896,0.470534942058099,2.6463345715385,23.8470337598123,56.3653821253112,-173.132729787198,30.2088126146395,5.03480210243991
0,88,-1.4660559496452,0.478151175702996,2.65684991539089,25.3883221297388,56.6515849252895,-170.768256552959,33.8952363788531,5.64920606314219
0,89,-1.43994691923469,0.491455535854979,2.66262123369553,25.5244384332239,55.7113216353419,-171.29089601651,32.681658505342,5.44694308422368
0,90,-1.3507343292392,0.450750895602172,2.7863776444329,23.2050731807053,50.4004378381685,-169.763731293692,29.1463381116046,4.85772301860076
0,91,-1.41512846210454,0.470044230276168,2.75373888411396,25.3933470539311,52.7721489172578,-167.899242550504,30.7750133415355,5.12916889025592
0,92,-1.44730672932475,0.466062422997458,2.7029483119579,25.0741069024777,55.0063373665919,-169.442905820261,30.7311247431996,5.1218541238666
0,93,-1.47517906981154,0.484412662629993,2.67140543782765,26.4318207460768,56.4179279387001,-169.069076882821,30.7196947113961,5.11994911856602
0,94,0.67864279691088,-0.705462904841224,-2.64169941761845,34.9297059822693,21.1110529000289,-153.493884795867,34.6874182216265,5.78123637027108
0,95,0.489039363419239,-1.04248772493156,-2.36945772209442,49.7085675435337,6.93321946992802,-144.638026069003,45.383162586395,7.56386043106583
0,96,-1.48437520053533,0.45653349798319,2.6827356813585,25.2343830902532,56.5790151545037,-169.026561675334,32.510991186761,5.41849853112684
0,97,-1.48426141594988,0.473161393515493,2.65297054990204,25.5926622508688,57.2625120510432,-170.184516145777,31.8623562086001,5.31039270143336
0,98,-1.45839403705212,0.468976503070126,2.60979941442579,23.3246974709644,57.8113228315873,-174.659586708826,31.3966636825425,5.23277728042375
0,99,-1.37353899371436,0.468993233552147,2.68080223492283,22.6130461161625,53.6130680752982,-174.527598475747,28.6442907035539,4.77404845059232
0,100,-1.40485473853247,0.468457211901734,2.64243890931324,22.5072361944043,55.4832854788651,-175.436387079381,31.9898105178097,5.33163508630162
0,101,-1.38930581163038,0.453342112587186,2.65559148444059,21.4447425203461,54.8003032204274,-176.009061917076,32.4085185150811,5.40141975251351
0,102,-1.38308238643454,0.451713666688724,2.66297554305594,21.3624052721513,54.4454867003007,-175.903924734371,32.7688566252158,5.46147610420263
0,103,-1.32473981994019,0.434033505421534,2.74276290987021,20.7381158545617,50.8974723573115,-174.217647637084,29.383332707089,4.89722211784817
0,104,-1.42376563130337,0.451207939591193,2.72478807574866,23.939045983059,53.9348680724589,-169.928950503093,29.2133167052938,4.86888611754897
0,105,-1.4532566677151,0.451786656629531,2.69250170607659,24.1413232202059,55.5630353783547,-170.353057482675,30.1750561177449,5.02917601962414
0,106,-1.51711421707461,0.445607097330786,2.6287794787246,24.3166586460679,58.998113703499,-171.04199096339,31.6142257465252,5.26903762442087
0,107,-1.56151930183515,0.438561541609972,2.5929083940798,24.5502627181562,61.1791170168926,-170.961926735403,34.9075489834034,5.81792483056723
0,108,-1.52825386936494,0.460076312444668,2.64123947675068,26.0454476290196,58.7961772494989,-168.872379794856,33.0761300675224,5.51268834458707
0,109,-1.51077273772433,0.472302644826276,2.66110046773471,26.67762129906,57.6917016970402,-168.139417854418,31.2970383550614,5.2161730591769
0,110,-1.58423999976545,0.419082158102813,2.53950136256116,22.2987305173949,63.4114036468114,-174.244791288731,40.6313286514818,6.7718881085803
0,111,0.055453491314666,-0.260831514095433,-2.66909600359469,11.1077753997776,-0.234309808338175,-153.585646765939,36.6588502004293,6.10980836673823
0,112,0.58314671568433,-0.84622066082716,-2.56468082276991,40.5165632160677,15.3508984206051,-150.975880873922,22.8445782570101,3.80742970950168
0,113,1.54822315195697,-0.473309526118949,-2.62587679861468,32.7748552713787,57.6752733482387,-157.785186523024,34.0586609947962,5.67644349913271
0,114,0.102065694333734,-0.289589480606576,-2.67406193195901,12.6910513646759,1.42113442183999,-153.897460211403,37.6550648651613,6.27584414419355
0,115,0.034696046126139,-0.188064800204048,-2.54891054183381,8.16571328794927,-0.90778078972625,-146.428110063211,40.0059138559189,6.66765230931982
0,116,1.35356737725814,-0.572194668941007,-2.41959558361161,45.5663553705541,47.3902685832984,-138.345396650047,38.2869920726114,6.38116534543523
0,117,1.29569338763206,-0.643875271850968,-2.66053743646422,37.6622468211347,46.4944530225253,-155.957761147432,41.7798822407969,6.96331370679949
0,118,-1.22420064944438,0.652378566947936,2.74322891644467,30.6454539356198,46.4102479104232,-170.939423796206,42.5432116140678,7.09053526901129
0,119,1.08020243545665,-0.633185163337413,-2.87777069054106,28.5655987013065,39.0923968476587,-169.469323701821,36.3961885249045,6.06603142081742
0,120,-1.08953253226896,0.688278866537006,2.68366509367404,29.4235827471075,43.8864130082805,-178.375763652971,48.8045348935342,8.13408914892237
0,121,-1.14806970849704,0.711073512957624,2.78956286950695,32.6235130129722,42.5514813520013,-169.693200287844,40.5935813787679,6.76559689646131
0,122,-0.074335166907796,-0.191186437836762,-2.5823221048819,6.99231908923003,-5.25702074390177,-148.649144322268,24.4454291242037,4.07423818736729
0,123,1.62982399671394,-0.370363752275059,-2.06904224186271,62.4040548984596,56.569122645312,-108.843012522594,33.7231875844148,5.62053126406913
0,124,-1.63492656579081,0.210050540474385,-1.92820596502222,-64.4105282629512,-57.7557501717355,-97.0548930578524,45.3613960097264,7.56023266828774
0,0,0.733565969167392,-1.24223566694363,-2.1117667407695,65.0227718419565,9.58826350590095,-133.867557443712,1.45854120213351E-10,1.6206013357039E-11
0,126,-1.29700911359033,0.251633643751855,2.50725435390339,1.48097758378393,54.8490380690588,160.894489277539,35.2421516545521,5.87369194242535
0,127,-1.50682879308495,0.347013411802094,2.60455497140393,16.3000444255823,59.9627208608125,-178.055263863434,40.433389468233,6.7388982447055
0,128,1.19942519441783,-0.485037930458995,-2.80113938058264,25.3281731901931,44.14225828121,-166.047934876603,32.1799015099473,5.36331691832455
0,129,1.45664000523008,-0.320861914363523,-2.37363752982524,38.7255179413745,54.7856718309048,-136.55662230648,33.2442039930308,5.54070066550513
0,130,0.209135944367815,-0.513600548986373,-2.5611219475821,23.4456531207853,2.75534397934156,-148.910093801617,24.6495168331698,4.10825280552831
0,131,-0.394829102780925,-0.62728618720456,-2.680911898265,23.2611699666125,-20.1406025922529,-162.797776141398,29.1763805124903,4.86273008541505
0,132,-0.374096258214147,-0.096388727234153,-2.7725933943157,1.27201572877978,-15.5805912770287,-160.380848096007,15.0863081062732,2.51438468437886
0,133,-0.30277587756074,-0.059142768313688,-2.78652609566535,0.289404556809389,-12.4509751165529,-160.547140530829,22.5266827930155,3.75444713216925
0,134,-0.387165050618714,-0.11099101260545,-2.79772473707011,1.99061161473025,-16.0601606968271,-162.04823345752,18.3866057565188,3.06443429275313
0,135,-0.325304148597765,-0.095804251233632,-2.80509008999764,1.76025438453633,-13.5017423315841,-161.968780165308,19.247689989277,3.20794833154617
0,136,-0.275782802667349,-0.23403126963418,-2.81138233420747,7.6789014012854,-12.323818503538,-163.09554988946,18.0462443716633,3.00770739527722
0,137,-0.337564446412882,-0.125987945318523,-2.79676927023078,2.86779179875393,-14.2108250885025,-161.775264893002,18.119544520034,3.01992408667233
0,138,-0.431913697817673,-0.275836401848522,2.69006575277506,-15.1092092659356,14.9474810375416,154.503965135217,7.09307838567628,1.18217973094605
0,0,0.733565969167392,-1.24223566694363,-2.1117667407695,65.0227718419565,9.58826350590095,-133.867557443712,1.45854120213351E-10,1.6206013357039E-11
0,0,0.733565969167392,-1.24223566694363,-2.1117667407695,65.0227718419565,9.58826350590095,-133.867557443712,1.45854120213351E-10,1.6206013357039E-11
0,141,-0.986335331099088,0.551196182653739,2.75056306653227,21.7832618774791,39.8151516725861,177.570329923382,45.9916912933479,7.66528188222466
0,142,-0.503922072390581,-0.166223882572708,-3.01527175125121,5.68757937918429,-19.1490016491671,-176.306903129049,25.3164894043728,4.21941490072879
0,143,-0.480955780605281,-0.261326608093046,-3.01201379709777,9.40776771078946,-18.3906404805416,-176.853241262139,28.4876878699109,4.74794797831849
0,144,-0.587375434510212,-0.393452610309285,-2.99855737877467,14.822736081508,-22.2445400568203,-179.349609494899,30.4005571578297,5.06675952630495
0,145,-0.158659777363108,-0.130193532039153,-2.95015579546019,4.46038466794404,-6.55771002569422,-169.670308687845,34.6160363906974,5.76933939844957
0,146,-0.2564541733996,-0.283011266548546,-2.91650950837913,10.0643865608271,-10.970579115578,-169.40205810454,24.6563231154559,4.10938718590932
0,0,0.733565969167392,-1.24223566694363,-2.1117667407695,65.0227718419565,9.58826350590095,-133.867557443712,1.45854120213351E-10,1.6206013357039E-11
0,0,0.733565969167392,-1.24223566694363,-2.1117667407695,65.0227718419565,9.58826350590095,-133.867557443712,1.45854120213351E-10,1.6206013357039E-11
0,149,-0.388876764909003,-0.335710709093397,-3.0670888627218,12.460337594554,-14.4791347474388,-179.743038144265,29.5798509590964,4.92997515984939
0,150,1.1095451984165,-0.625844481525425,-2.73184832495052,33.1997098751769,39.6543262972566,-159.682697863287,53.2017069904544,8.86695116507574
0,151,-0.992444589685038,-0.298744660268436,-2.48118661408001,2.65562423877055,-44.0607231305949,-153.051311642797,38.3842861525809,6.39738102543016
0,0,0.733565969167392,-1.24223566694363,-2.1117667407695,65.0227718419565,9.58826350590095,-133.867557443712,1.45854120213351E-10,1.6206013357039E-11
0,0,0.733565969167392,-1.24223566694363,-2.1117667407695,65.0227718419565,9.58826350590095,-133.867557443712,1.45854120213351E-10,1.6206013357039E-11
0,154,-1.02694603629879,-0.208703758833926,-2.6173946593103,1.45509609540458,-43.0265492288011,-160.715118757294,40.0249206826352,6.67082011377254
0,155,-0.464462388149117,-0.107814117496628,-2.59504878031548,-0.578297840807363,-20.1524227266049,-150.609597694066,21.5810824290462,3.5968470715077
0,156,0.813826735692143,-1.19254633389685,-2.43924140288896,58.1496693210524,20.8189218890395,-147.945086396317,11.4958099341894,2.29916198683787
0,157,1.44869670930784,-0.366666275663912,-2.46135702584545,36.1970192655402,54.3333409353115,-143.425681282982,32.2509105334041,5.37515175556735
0,158,0.883090968443333,-1.12971338807028,-2.3694114579919,58.6002533682995,22.248834737649,-142.591541946582,0.620916107515661,0.155229026878915
0,0,0.733565969167392,-1.24223566694363,-2.1117667407695,65.0227718419565,9.58826350590095,-133.867557443712,1.45854120213351E-10,1.6206013357039E-11
0,0,0.733565969167392,-1.24223566694363,-2.1117667407695,65.0227718419565,9.58826350590095,-133.867557443712,1.45854120213351E-10,1.6206013357039E-11
0,161,0.733565969167392,-1.24223566694363,-2.1117667407695,65.0227718419565,9.58826350590095,-133.867557443712,1.45854120213351E-10,1.6206013357039E-11
0,162,-0.473188491996513,-0.27635198781437,-2.89952437902408,9.26468064168628,-19.2707418928797,-170.455256639941,19.9023091933472,3.31705153222454
0,163,-0.556611990452263,-0.214979700104656,-2.8496848051122,6.16316462452814,-22.7151262895324,-167.771512051489,26.4358249470935,4.40597082451558
0,164,-1.18693107088269,0.670845833194921,2.63497102623099,29.5293792326899,48.1209699752078,-177.845540803396,43.3854784304845,7.23091307174741
0,165,-0.461176587316775,0.019291535949525,-2.85383729733177,-3.16614769103709,-17.9617053329536,-164.952595177589,24.8629921336636,4.14383202227727
0,166,-0.614800226985868,-0.061933366325383,-2.82417142068895,-0.726356527034087,-24.476334854701,-165.147335973062,31.6666346955828,5.2777724492638
0,167,-0.472425999720116,0.094354876516473,-2.85382552734832,-6.23468790394755,-18.0005204553723,-164.638679196647,28.5561899200686,4.7593649866781
0,168,-1.11685345854599,0.657765203243206,2.65746876044153,27.8529066175848,45.5710323049833,-179.884514368874,46.2162119869739,7.70270199782899
0,169,-0.816009454433601,0.597690950080755,2.43109076197986,18.4762283884404,40.2828039179485,155.388642272468,45.8568335168009,7.64280558613348
0,170,-0.858935529434567,0.576861430423083,2.41976273497427,17.0680398885175,41.9907930134899,154.941198108029,43.3375848686006,7.22293081143343
0,171,-0.959262980509464,0.590421270490693,2.54223918376497,20.4098112554245,43.2740050668294,165.594273447463,41.7795758874468,6.96326264790779
0,0,0.733565969167392,-1.24223566694363,-2.1117667407695,65.0227718419565,9.58826350590095,-133.867557443712,1.45854120213351E-10,1.6206013357039E-11
0,173,-0.419367226081152,0.29015333136429,-2.8063682952947,-14.243365592719,-14.7313915975051,-161.308062041413,28.9184178265603,4.81973630442672
0,174,-1.2135976822728,0.681286319773197,2.68831507961242,31.360304231685,47.3402990255867,-173.347581223161,44.5139744581422,7.41899574302369
0,175,-1.18336933053689,0.665527081674911,2.70044163319273,30.0257733479014,46.3251060069345,-174.542415297493,43.7711968121251,7.29519946868752
0,176,-1.10951052700067,0.649515866201812,2.69400542882336,27.7693081181499,44.4845446512815,-178.38855705643,41.6699614922397,6.94499358203994
0,177,-1.14307275168057,0.617218565998758,2.67789445645148,26.3173032886666,46.0943440405356,-179.156592821277,44.9593566006222,7.4932261001037
0,178,-0.727893420374569,-0.227989067863054,-2.79027212148458,5.80293364325123,-29.8278147832876,-166.765784573368,44.2798502535521,7.37997504225868
0,179,-1.1868768934884,0.622340209811988,2.72229481326018,28.0153676127257,46.2051035207882,-174.702180594777,44.8582029422123,7.47636715703539
0,180,-1.28220723272044,1.21636602317353,2.33120073597223,63.5948728262287,51.2233512352322,-162.405033832565,45.782264171389,7.63037736189816
0,181,-1.07780899647724,0.596733416834782,2.69764654796186,24.4979711788891,43.7326503937995,178.882300357479,44.2395632591615,7.37326054319358
0,182,-1.10984431130591,0.651176234460368,2.64865930164997,27.2494476516942,45.620852914258,179.108000269691,46.387742705338,7.73129045088967
0,183,-1.17708715915572,0.653688662982211,2.5334175344142,26.6195607710756,50.5838657200038,175.099022135485,56.1003031802886,9.3500505300481
0,184,-1.15451019998246,0.649020981924606,2.54591121936195,26.1680344199053,49.5872561691699,174.731143533469,54.2220561223239,9.03700935372065
0,185,-1.1104266361862,0.643822170152559,2.58414908378491,25.831520237651,47.2764244766094,175.093630118276,49.8824845130184,8.31374741883639
0,186,-1.12967763534359,0.650317139787581,2.54334651146056,25.7974627009916,48.8658469588581,173.647781128789,54.0420183666496,9.00700306110827
0,187,-1.06718720355538,0.638426462491533,2.63399635558582,25.7022855027494,44.724254948421,176.24112591621,48.735278901008,8.12254648350134
0,188,-0.452424263491414,0.537951147208464,-2.64102465636798,-26.2479921473442,-13.2125280787679,-152.702425752745,23.7158573120455,4.74317146240911
0,189,-1.4138640872346,-0.039482218558488,-2.56296489002063,-8.38259639277979,-57.027304094393,-161.435967792295,32.9102238235835,4.70146054622622
0,190,-1.51736986221469,-0.074892692113804,-2.52637156863778,-6.7285412373553,-61.5042588876706,-163.063606458893,32.0472499421156,4.57817856315937
0,191,-0.911890367913733,0.180121747902251,-2.17451319419781,-27.9573740688585,-33.6456177003489,-123.416416652449,38.0339343454094,6.33898905756823
0,192,-0.665710463558883,0.099225768584296,-2.19445940641609,-18.4477984619848,-25.3842613915916,-125.367953551387,16.4995289260839,3.29990578521677
0,0,0.733565969167392,-1.24223566694363,-2.1117667407695,65.0227718419565,9.58826350590095,-133.867557443712,1.45854120213351E-10,1.6206013357039E-11
0,194,-0.281890554744648,-0.62592203418928,-2.72218597994387,23.6754496386658,-15.2164080624762,-163.472151323767,19.1818070607855,3.8363614121571
0,195,-1.05489557986458,0.77666626462731,2.66751235652728,33.4542543918245,42.5956955217795,-177.466947310651,48.5454912119699,8.09091520199498
0,196,-1.06321663836095,0.796796765342181,2.69676575547302,34.8556628295958,41.8625446959958,-174.944729863249,46.7823903132722,7.79706505221203
0,197,-1.33125384889946,-0.340054002083245,-2.3974883395609,3.07095840999565,-58.4155444166842,-156.831873037632,29.1707049697361,4.86178416162269
0,0,0.733565969167392,-1.24223566694363,-2.1117667407695,65.0227718419565,9.58826350590095,-133.867557443712,1.45854120213351E-10,1.6206013357039E-11
0,0,0.733565969167392,-1.24223566694363,-2.1117667407695,65.0227718419565,9.58826350590095,-133.867557443712,1.45854120213351E-10,1.6206013357039E-11
0,200,1.28938654976493,-0.583301588755477,-2.34862387022505,47.5081051927153,43.7132548598838,-133.377080233994,29.9729332746851,4.99548887911418
0,201,1.47973664342904,-0.580741918782346,-2.39468968223262,49.4611728115289,52.1144527013137,-136.279444909659,33.5182766967252,5.5863794494542
0,202,1.76217603398371,-0.081561551851316,-2.05298254205535,59.122137206459,68.2655516697088,-105.462202710866,20.3715173111843,4.07430346223685
0,203,1.65872143240251,-0.418322025739642,-2.30111456111146,52.0484081738583,60.6510993463589,-128.606002013663,29.0105682185724,4.8350947030954
0,204,0.323408083987251,-0.343775508705628,-2.57255635811307,17.8886159347138,9.25287326337891,-147.917808808011,32.6726974079758,5.44544956799596
0,205,0.159691877749399,-0.375811596112309,-2.68610175288418,16.6178861730695,3.09950068693903,-154.946593558302,21.9747028814003,3.66245048023339
0,0,0.733565969167392,-1.24223566694363,-2.1117667407695,65.0227718419565,9.58826350590095,-133.867557443712,1.45854120213351E-10,1.6206013357039E-11
0,0,0.733565969167392,-1.24223566694363,-2.1117667407695,65.0227718419565,9.58826350590095,-133.867557443712,1.45854120213351E-10,1.6206013357039E-11
0,0,0.733565969167392,-1.24223566694363,-2.1117667407695,65.0227718419565,9.58826350590095,-133.867557443712,1.45854120213351E-10,1.6206013357039E-11
0,0,0.733565969167392,-1.24223566694363,-2.1117667407695,65.0227718419565,9.58826350590095,-133.867557443712,1.45854120213351E-10,1.6206013357039E-11
0,0,0.733565969167392,-1.24223566694363,-2.1117667407695,65.0227718419565,9.58826350590095,-133.867557443712,1.45854120213351E-10,1.6206013357039E-11
0,0,0.733565969167392,-1.24223566694363,-2.1117667407695,65.0227718419565,9.58826350590095,-133.867557443712,1.45854120213351E-10,1.6206013357039E-11
0,0,0.733565969167392,-1.24223566694363,-2.1117667407695,65.0227718419565,9.58826350590095,-133.867557443712,1.45854120213351E-10,1.6206013357039E-11
0,0,0.733565969167392,-1.24223566694363,-2.1117667407695,65.0227718419565,9.58826350590095,-133.867557443712,1.45854120213351E-10,1.6206013357039E-11
0,0,0.733565969167392,-1.24223566694363,-2.1117667407695,65.0227718419565,9.58826350590095,-133.867557443712,1.45854120213351E-10,1.6206013357039E-11
0,0,0.733565969167392,-1.24223566694363,-2.1117667407695,65.0227718419565,9.58826350590095,-133.867557443712,1.45854120213351E-10,1.6206013357039E-11
0,216,0.733565969167392,-1.24223566694363,-2.1117667407695,65.0227718419565,9.58826350590095,-133.867557443712,1.45854120213351E-10,1.6206013357039E-11
0,217,-0.004532077798168,-0.684782068068149,-2.86919655341658,26.5945209111979,-2.70629627250708,-169.343282679862,32.6205133520388,6.52410267040775
0,0,0.733565969167392,-1.24223566694363,-2.1117667407695,65.0227718419565,9.58826350590095,-133.867557443712,1.45854120213351E-10,1.6206013357039E-11
0,0,0.733565969167392,-1.24223566694363,-2.1117667407695,65.0227718419565,9.58826350590095,-133.867557443712,1.45854120213351E-10,1.6206013357039E-11
0,0,0.733565969167392,-1.24223566694363,-2.1117667407695,65.0227718419565,9.58826350590095,-133.867557443712,1.45854120213351E-10,1.6206013357039E-11
0,221,-0.142025131004868,0.378273845752459,2.32437423592543,13.4730722471872,12.380742650253,136.037694456996,79.2162243179218,13.202704052987
0,222,-0.699365120212499,0.369297290298816,2.68841187317879,10.888420049917,30.6005877539634,162.741792493582,63.4132092156071,10.5688682026012
0,223,0.652430135615336,0.247388012657157,2.99561130199042,10.7565902927688,-24.0440704662363,173.832442487368,59.0123742162395,9.83539570270659
0,224,-0.591518573697684,0.349572214509213,2.66462193257268,9.99631335581764,26.6769291374744,159.329987233213,68.4210416337544,11.4035069389591
0,225,0.38177508228949,1.5403098786012,-2.53887027352401,-62.5412689884955,16.9013549720539,179.652411634674,34.1543733642295,5.69239556070491
0,226,-0.270603420524088,1.33815873209299,-2.62157190382824,-54.639621019641,-4.43653829782557,-165.712143083187,37.5280355286749,6.25467258811248
0,227,0.485359613348027,1.51231654021476,-2.56795714542674,-61.5821625197801,19.4766512075842,176.545990758197,37.4717261129625,6.24528768549374
0,0,0.733565969167392,-1.24223566694363,-2.1117667407695,65.0227718419565,9.58826350590095,-133.867557443712,1.45854120213351E-10,1.6206013357039E-11
0,0,0.733565969167392,-1.24223566694363,-2.1117667407695,65.0227718419565,9.58826350590095,-133.867557443712,1.45854120213351E-10,1.6206013357039E-11
0,0,0.733565969167392,-1.24223566694363,-2.1117667407695,65.0227718419565,9.58826350590095,-133.867557443712,1.45854120213351E-10,1.6206013357039E-11
0,0,0.733565969167392,-1.24223566694363,-2.1117667407695,65.0227718419565,9.58826350590095,-133.867557443712,1.45854120213351E-10,1.6206013357039E-11
0,232,0.583750889599287,0.129528540053368,2.3444328259644,15.6547301249818,-21.952511077657,134.364253791128,82.2988120988815,13.7164686831469
0,233,0.180838861504615,1.48344633792714,-2.67722812673029,-57.9455114159326,8.01037171541661,-179.486232605463,34.2717188885672,5.71195314809453
0,234,-0.194359092259488,1.21922487943271,-2.83982810757177,-46.7258139914197,-5.58677070310457,-174.774007813506,28.5531243966962,4.75885406611604
0,235,-0.48050074595529,0.32670433836902,2.45506370949775,7.45192334242755,24.2942560821286,145.241207737058,71.1140074666229,11.8523345777705
0,236,-0.806631928519361,0.293642549308378,2.62021551783175,5.99044160297262,35.1465823894718,158.756024521611,67.9437937079428,11.3239656179905
0,237,-0.661193674823835,0.269671080908206,2.57153540512714,4.70947597976372,29.818479133638,153.18259710145,70.7811965954922,11.7968660992487
0,238,0.13755147647021,1.44788283851501,-2.60493136599095,-57.7069824529429,9.00022411149761,-174.594944172103,32.9976530985754,5.49960884976256
0,239,-0.775547603715547,0.260864698916996,2.52646661956263,2.76764918152317,34.7063365130039,151.659119525792,68.0547519283339,11.3424586547223
0,240,-0.177655589599891,0.743647755466917,-2.883675131634,-29.31728245745,-4.30768990933655,-169.491991836634,33.3401432462102,5.55669054103503
0,241,0.206600340194466,1.3585863354063,-2.71203260908316,-53.0730539544298,9.56097198574077,-178.279576010091,32.7266721873794,5.45444536456324
0,242,-0.599910500177457,0.246230458260853,2.60438769626079,4.50857219452756,26.872892161306,154.082408228021,70.655101655918,11.7758502759863
0,243,-0.613810798854832,0.268860877612656,2.57739390641878,5.08288056348253,27.8771287913555,152.970230754983,71.7356916242461,11.955948604041
0,244,-0.933167618143048,1.03345036971861,2.07792879583962,41.8540591987909,53.6378474534312,158.370155374321,74.4133842352376,12.4022307058729
0,245,-0.274172852297007,1.19956188002996,-2.73675785207265,-47.9804982763965,-6.29744940410369,-168.344704089735,32.4368561074116,5.4061426845686
0,246,-0.552933102633431,0.301752484144706,-2.83177394778409,-15.1483002582195,-19.9964868444986,-163.195049679117,37.1203383941214,6.1867230656869
0,247,-0.927020140789575,0.26637652295763,2.76735881317181,7.50517051428212,37.5755622799564,169.76181116618,56.0759878721126,9.34599797868544
0,248,0.583637055135389,0.005865799572585,-2.98764812529387,0.920200288045844,22.0633410689577,-174.130821513711,34.7416084350686,5.79026807251144
0,249,-0.838391634131885,0.112817241841183,2.79382924583226,0.665557933401119,33.4714689439374,166.885340410311,45.8959214262634,7.64932023771056
0,0,0.733565969167392,-1.24223566694363,-2.1117667407695,65.0227718419565,9.58826350590095,-133.867557443712,1.45854120213351E-10,1.6206013357039E-11
0,0,0.733565969167392,-1.24223566694363,-2.1117667407695,65.0227718419565,9.58826350590095,-133.867557443712,1.45854120213351E-10,1.6206013357039E-11
0,252,0.733565969167392,-1.24223566694363,-2.1117667407695,65.0227718419565,9.58826350590095,-133.867557443712,1.45854120213351E-10,1.6206013357039E-11
0,253,0.733565969167392,-1.24223566694363,-2.1117667407695,65.0227718419565,9.58826350590095,-133.867557443712,1.45854120213351E-10,1.6206013357039E-11
0,254,-0.960504220830118,1.56275255155523,2.23820813940987,74.2760359442808,39.6439703681921,-167.752614031887,5.30567074278189,1.32641768569547
0,255,-0.913906665423644,1.62303818416696,2.30967519475857,74.6157787492389,34.8061150404652,-165.951427219068,4.82477037271742,1.20619259317936
0,256,-0.705071709164792,0.577475270761077,2.86922646665379,22.1904991712464,28.0076847472845,177.719880728131,50.0375738779949,8.33959564633248
0,257,-0.705399982220107,0.570165858637261,2.8734844380409,21.8993741596902,27.9610187927735,177.804395304838,50.5920716234328,8.43201193723879
0,258,-0.782398435444342,0.596696087962307,2.82160257358771,23.1186174780189,31.4696160383509,177.293435309901,54.2035280750604,9.03392134584341
0,259,-0.599972040561919,0.038601084691053,-2.96300181855181,-3.0039651794293,-22.7119750501484,-172.485879570148,35.6280093730748,5.93800156217914
0,260,-0.637479890086849,-0.154801587130178,-2.94725342559698,4.66828122668646,-24.6381061938004,-173.846742506537,38.7929773739536,6.46549622899227
0,261,-0.553227328759419,0.075883724041531,-2.92051993534837,-4.97310262139114,-21.0169502945216,-169.267966879044,27.7014209935096,4.61690349891826
0,262,0.413522733887848,0.160534661833896,2.97212039899421,7.3805727077693,-15.2876520289151,171.097913542887,26.5506970787573,4.42511617979288
0,263,-1.33948202924671,-1.00134849981403,2.49094832530556,-58.1461205811482,43.6793507790354,145.132663518831,22.2670412218464,3.7111735369744
0,264,-1.36373273071393,-1.02461513114447,2.51649524939402,-58.2852712171202,44.9574342344377,146.996556480423,20.6423284502254,3.44038807503756
0,265,-1.37380321880112,-1.06072015348939,2.51482631783725,-59.6955939153548,45.1439017845059,147.184903260622,20.11979675945,3.35329945990833
0,266,-1.11924691351607,0.209491218081482,2.68069773323993,3.55745978833474,45.6020254886077,167.246862202792,50.2772434139026,8.37954056898377
0,0,0.733565969167392,-1.24223566694363,-2.1117667407695,65.0227718419565,9.58826350590095,-133.867557443712,1.45854120213351E-10,1.6206013357039E-11
0,0,0.733565969167392,-1.24223566694363,-2.1117667407695,65.0227718419565,9.58826350590095,-133.867557443712,1.45854120213351E-10,1.6206013357039E-11
0,269,-0.200704389971762,0.611012494866368,-2.63537265794532,-26.6804239482022,-2.49761646419214,-154.13631329794,25.0085536963185,5.0017107392637
0,270,-0.008914596690284,1.24952712701814,-2.7472691253994,-48.7639304323811,2.61609623459705,-173.414367376698,35.4443279401267,5.90738799002112
0,0,0.733565969167392,-1.24223566694363,-2.1117667407695,65.0227718419565,9.58826350590095,-133.867557443712,1.45854120213351E-10,1.6206013357039E-11
0,272,-0.317861503706342,1.20185360485565,2.24918958046978,50.3414276733662,26.8930730202698,155.696967256255,14.1276057042589,2.82552114085177
0,0,0.733565969167392,-1.24223566694363,-2.1117667407695,65.0227718419565,9.58826350590095,-133.867557443712,1.45854120213351E-10,1.6206013357039E-11
0,0,0.733565969167392,-1.24223566694363,-2.1117667407695,65.0227718419565,9.58826350590095,-133.867557443712,1.45854120213351E-10,1.6206013357039E-11
0,275,-0.162653997771866,0.6787570980346,-2.84730896386659,-27.2033067908169,-3.34396852237408,-166.806077570629,21.8809942048533,3.64683236747555
0,0,0.733565969167392,-1.24223566694363,-2.1117667407695,65.0227718419565,9.58826350590095,-133.867557443712,1.45854120213351E-10,1.6206013357039E-11
0,0,0.733565969167392,-1.24223566694363,-2.1117667407695,65.0227718419565,9.58826350590095,-133.867557443712,1.45854120213351E-10,1.6206013357039E-11
0,0,0.733565969167392,-1.24223566694363,-2.1117667407695,65.0227718419565,9.58826350590095,-133.867557443712,1.45854120213351E-10,1.6206013357039E-11
0,0,0.733565969167392,-1.24223566694363,-2.1117667407695,65.0227718419565,9.58826350590095,-133.867557443712,1.45854120213351E-10,1.6206013357039E-11
0,280,1.37123515539361,0.711850754231187,2.61423644797654,42.9207843758361,-48.6597317265297,152.860567653242,232.796511584695,38.7994185974491
0,0,0.733565969167392,-1.24223566694363,-2.1117667407695,65.0227718419565,9.58826350590095,-133.867557443712,1.45854120213351E-10,1.6206013357039E-11
0,0,0.733565969167392,-1.24223566694363,-2.1117667407695,65.0227718419565,9.58826350590095,-133.867557443712,1.45854120213351E-10,1.6206013357039E-11
0,283,-1.71589082297489,0.179397462739059,-2.150701231863,-53.452143207213,-65.6529020618916,-115.992090761261,39.4962206464213,5.64231723520304
0,0,0.733565969167392,-1.24223566694363,-2.1117667407695,65.0227718419565,9.58826350590095,-133.867557443712,1.45854120213351E-10,1.6206013357039E-11
0,0,0.733565969167392,-1.24223566694363,-2.1117667407695,65.0227718419565,9.58826350590095,-133.867557443712,1.45854120213351E-10,1.6206013357039E-11
0,0,0.733565969167392,-1.24223566694363,-2.1117667407695,65.0227718419565,9.58826350590095,-133.867557443712,1.45854120213351E-10,1.6206013357039E-11
0,287,-1.48294172824652,0.078195513349158,-2.33627016298448,-28.5167870448443,-59.6260399875512,-138.203102107071,21.2625840292517,4.25251680585035
0,288,-1.51285130169952,0.062106507120242,-2.33912297646969,-27.7452967835835,-61.08868458999,-139.280275912357,23.4179984064803,4.68359968129607
0,289,-0.799597134246706,0.228051037451051,-2.01361883528508,-30.4491222135066,-26.5531835461496,-113.687858323095,62.0616394166138,10.3436065694356
0,290,-1.90800046861902,-0.131067227156869,-1.21545866611885,-105.802536541007,-51.7525348819393,-32.4300324235443,16.9769507506406,3.39539015012812
0,291,-0.867612239132476,0.401806157742784,-2.14748439490134,-36.3404780094937,-26.9207737298037,-121.902617803866,67.7542734711948,11.2923789118658
0,292,-1.59160605603861,0.179590098662748,-2.22211853096826,-43.8243021657801,-61.5696189183182,-124.822921667297,21.0319740518957,3.50532900864929
0,293,-1.72241879879628,0.023285061172864,-2.20295430574443,-39.999287669908,-69.8803957734393,-126.51455067542,39.449127590551,5.63558965579301
0,294,-2.17418315755356,-0.124298440676352,-1.62283263539098,-129.388773999231,-68.8916936501986,-29.3917700815704,12.8853717047206,2.57707434094413
0,295,-2.89039724123647,-0.495553822124077,-0.254964652633273,-170.347348622729,-11.6273854729155,18.472240103418,76.0234482096834,15.2046896419367
0,296,-1.84358250629781,0.042133392796235,-2.15321059374857,-51.5307663000485,-73.8058461015079,-117.153197765336,31.7666094028337,5.29443490047228
0,297,-1.75962526574573,-0.251124485812217,-1.63172947926765,-81.7657920729495,-68.4984292796127,-60.1241600305946,23.5539299567141,4.71078599134283
0,298,-2.99157403819144,-0.706823880654672,-0.631289620189533,174.57453641298,-22.6027890124509,27.6721785308343,85.9463288123828,14.3243881353971
0,299,-2.83627981322998,-0.538874433254851,-0.366641324061376,-169.331129046691,-16.5445368395657,19.9596551987467,60.9645412325806,10.1607568720968
0,300,-1.72092170162344,0.182575517389498,-2.16304183975823,-52.8640834784061,-65.9481219333707,-117.191181235433,34.1104045369478,4.87291493384969
0,301,-0.62920630101216,0.397206642035802,2.70644666507023,12.5180996317979,27.8257534138704,163.23673975179,61.9101005139317,10.3183500856553
0,302,-0.713517067137223,0.137060918847987,-3.02359721411924,-5.96068475742277,-26.4028835764532,-176.719350123368,47.1962880502831,7.86604800838052
0,0,0.733565969167392,-1.24223566694363,-2.1117667407695,65.0227718419565,9.58826350590095,-133.867557443712,1.45854120213351E-10,1.6206013357039E-11
0,0,0.733565969167392,-1.24223566694363,-2.1117667407695,65.0227718419565,9.58826350590095,-133.867557443712,1.45854120213351E-10,1.6206013357039E-11
0,305,0.66514964993384,0.591630412846176,2.63084890943907,30.6931239152863,-21.2812249740286,152.093954086238,211.845284259587,35.3075473765979
0,0,0.733565969167392,-1.24223566694363,-2.1117667407695,65.0227718419565,9.58826350590095,-133.867557443712,1.45854120213351E-10,1.6206013357039E-11
0,307,-1.35059392856795,0.569380259830604,2.45346996503777,22.7315135241964,58.3135395674501,173.910730036649,29.1084700788105,5.82169401576209
0,308,-1.50777327500947,0.121058154735195,-2.44274375503314,-24.6997622240454,-59.9027948350653,-147.570006733752,306.400369681396,61.2800739362792
0,309,-0.732761663738648,0.618937092753158,-2.3200117735053,-38.4255309778945,-20.0014193630312,-134.053383128916,69.5666595131499,13.91333190263
0,310,-0.220427411211795,1.37898130146382,-2.63137738895398,-55.6504399811663,-3.14802011324619,-167.796934889884,27.0632972611047,4.51054954351745
0,311,-0.404221529797488,0.14703033110799,-2.54426491498282,-11.1579685077146,-14.7677662744792,-145.961452735008,35.4575970145991,7.09151940291981
0,312,-0.495776592407475,0.474979046167853,-2.2936387302286,-28.7396231384753,-12.0654358844764,-132.378130737004,37.1860592342812,7.43721184685625
0,313,-0.874852847347371,0.791228865784854,-2.7995972421372,-36.0253028930195,-30.1583763463967,-163.543599071785,26.2840946428481,5.25681892856963
0,314,-0.210408091575571,0.760462291775744,-2.7035095760526,-31.9685410969282,-3.05995103601883,-159.722241112564,46.251054270615,9.250210854123
0,315,-0.593171251590988,0.99888181199058,-2.79445960477793,-41.737159520596,-18.8329783420576,-165.613318629034,45.0982583666426,7.51637639444044
0,316,-0.95105076210626,0.405082683158313,2.39292162466177,6.40345212837058,44.6124419171736,149.387519814342,67.1339904654465,11.1889984109077
0,317,-0.093909204668181,0.624858693720916,-2.3631630181711,-27.5856121116543,5.6297536184068,-140.254677492627,38.9691843152824,6.49486405254706
0,318,-0.204799757981776,0.330718234576894,-2.50340853973607,-16.3648519390412,-4.06305358865531,-144.179144631733,24.2907246201054,4.04845410335091
0,319,-0.097194869973021,0.137426406335417,-2.87131992035308,-5.89677900640788,-3.0816050471794,-164.612404943233,32.2909005928401,6.45818011856803
0,320,-0.451170172358803,0.397333964423437,-2.85360709418648,-18.0107305008917,-15.5750776051686,-164.324480829473,19.5819345455228,3.91638690910456
0,321,0.083880750283514,0.99092360662897,-2.72036218644461,-39.1927341603462,7.85236808546465,-167.853694420606,54.7200276555139,10.9440055311028
0,322,-0.639422301496343,0.660889252851976,-2.7508459372227,-30.830461184581,-20.9593589168541,-159.602276298672,31.3786754153297,5.22977923588829
0,323,-0.79975398510323,0.591278316529374,-2.76259744876032,-29.1176192378628,-27.7807864344266,-160.147293655067,36.5922155018843,6.09870258364738
0,324,-0.147105178578742,0.921666755382176,-2.66697203735264,-38.0756427802892,0.316787862865977,-160.945240454972,32.3293320047105,6.46586640094211
0,325,-0.476046881249491,0.9144396640234,-2.50753568151039,-42.7261821365781,-9.7445272750096,-149.58617340759,31.6775364066853,6.33550728133705
0,326,-0.2920248445369,0.771004232777104,-2.62988508113885,-33.8045427642023,-5.14041511998749,-155.317219386863,30.1682870771151,6.03365741542303
0,327,-0.006088299070404,-0.075137461392711,-2.96400174690852,2.86105438254869,-0.488539185810304,-169.888651174281,38.1374580404204,7.62749160808409
0,328,-0.565707800438336,0.218032288009953,-2.64822953900214,-14.5791018251888,-20.7832285407594,-152.359952702125,28.2231929713315,5.6446385942663
0,329,-0.476118737439289,0.208337433847498,-2.27916332949533,-17.7808023662114,-15.7945426251909,-130.397489410091,26.1813758323838,4.36356263873063
0,330,1.736663591464,-1.07298304915907,2.20713295039919,-79.5182609348087,-63.1710041586748,-136.351031659627,28.708050188216,4.78467503136933
0,331,-1.67280149978903,0.491891225636056,-2.30833226963415,-55.2029790636512,-60.0847870813311,-128.544638115161,53.0436097613027,7.57765853732896
0,332,-1.09816335895647,0.39364986004759,2.73325998830593,14.4984262738547,44.2048637447022,175.341843467496,59.1510468018328,9.85850780030547
0,333,-1.13841014106606,0.350191997452846,2.69142446979293,11.6440961370538,46.3797048635657,172.579344503108,64.0410928931813,10.6735154821969
0,334,-1.15448808806332,0.368362342158957,2.64947656240558,11.7833238622653,47.7287010594285,170.86740796537,66.6829152817552,11.1138192136259
0,335,-1.17412120058925,0.328907523289418,2.56453838050691,7.26362119577061,49.8521810662196,164.255831504623,56.4248719769919,9.40414532949865
0,336,-0.737658667364888,0.60678415132223,-2.46836559083234,-35.2824334001298,-22.3205525757113,-142.508769582252,47.8673327795176,7.97788879658627
0,337,-0.860891409312828,0.262128351491527,2.77825088478079,7.29615854855229,35.0120453955702,168.98593192175,45.5357588930781,7.58929314884635
0,0,0.733565969167392,-1.24223566694363,-2.1117667407695,65.0227718419565,9.58826350590095,-133.867557443712,1.45854120213351E-10,1.6206013357039E-11
0,0,0.733565969167392,-1.24223566694363,-2.1117667407695,65.0227718419565,9.58826350590095,-133.867557443712,1.45854120213351E-10,1.6206013357039E-11
0,0,0.733565969167392,-1.24223566694363,-2.1117667407695,65.0227718419565,9.58826350590095,-133.867557443712,1.45854120213351E-10,1.6206013357039E-11
0,0,0.733565969167392,-1.24223566694363,-2.1117667407695,65.0227718419565,9.58826350590095,-133.867557443712,1.45854120213351E-10,1.6206013357039E-11
0,0,0.733565969167392,-1.24223566694363,-2.1117667407695,65.0227718419565,9.58826350590095,-133.867557443712,1.45854120213351E-10,1.6206013357039E-11
0,0,0.733565969167392,-1.24223566694363,-2.1117667407695,65.0227718419565,9.58826350590095,-133.867557443712,1.45854120213351E-10,1.6206013357039E-11
0,0,0.733565969167392,-1.24223566694363,-2.1117667407695,65.0227718419565,9.58826350590095,-133.867557443712,1.45854120213351E-10,1.6206013357039E-11
0,0,0.733565969167392,-1.24223566694363,-2.1117667407695,65.0227718419565,9.58826350590095,-133.867557443712,1.45854120213351E-10,1.6206013357039E-11
0,346,-0.682575784809991,0.842679625752256,-2.79413566973551,-36.8502067820461,-22.4546035239111,-163.561226085981,31.0403999998458,5.17339999997431
0,347,-0.276845856457932,0.742440705312467,-3.03538927144701,-27.7180690983927,-9.77110561951942,-177.318275369251,32.4539489214352,5.40899148690586
0,348,-0.384228324904473,0.857282943245312,-2.94143398794958,-33.294770340037,-12.8250554775309,-172.915977505006,31.4627969273991,5.24379948789986
0,349,-0.366230601323496,0.961249076430027,-2.88170159283705,-37.7949974130127,-11.5020774027486,-171.0746956694,30.5014115290418,5.08356858817364
0,350,-0.516636159318171,0.786788887054551,-2.95877221658436,-30.9197167811659,-17.9219813096033,-172.798365047935,29.9587920966823,4.99313201611372
0,351,-0.137525262751993,0.622739872449304,-2.624380375177,-26.6429023260357,0.238115915055194,-154.087878144489,28.9843449028763,5.79686898057527
0,352,-1.04722005341488,0.427430317806596,2.52261324326152,11.0983203649203,46.3798781354301,161.149548375544,66.4413283939197,11.0735547323199
0,353,0.004739557070437,0.763063546590962,-2.78482060824542,-30.1563829347297,3.98811695896585,-165.984371997699,31.3594591268039,5.22657652113398
0,354,-0.924670980070482,0.411284758785053,2.4951355968754,9.31579500135487,42.1623836844202,155.910100333916,55.4504289361759,9.24173815602932
0,355,-0.371878156995845,0.351278959756465,2.19370497495456,7.42651493409141,22.5308288019221,129.355883583249,68.3810282373282,11.3968380395547
0,356,-0.442413508281249,0.314878644363039,2.18535173509266,4.32740097761769,24.7939993986644,128.624681884008,57.1954017989109,9.53256696648515
0,357,-0.267246626196717,0.322942801881591,2.08299238835922,7.29555640260703,18.5077021456655,121.957304609532,74.4381275156668,12.4063545859445
0,358,0.584638678688359,-0.717895775774227,2.92326020549637,-27.8098371528459,-22.3712652246439,-178.915360650033,32.6380246201939,5.43967077003232
0,359,-0.342059263541819,-1.06515991576501,2.90360733985681,-40.8846002037401,11.2370313095578,173.962823668475,40.6610924930226,8.13221849860451
0,360,-1.58206383866952,0.643211556997873,-2.56798956401091,-44.2014513861429,-57.3088596151283,-151.017089186396,51.3717141864464,7.33881631234949
0,361,2.72621798844504,0.513660379129772,1.05756695656292,159.093139786061,-38.2864456559862,28.6695035466753,379.030744182478,54.1472491689255
0,362,-1.47917532786477,0.298701961409318,-2.49860897870158,-31.1144148847574,-56.5378679293167,-148.0905668106,42.5581224302979,6.07973177575684
0,363,-1.41831628010981,0.228856634792628,-2.53879551246945,-25.0128767269658,-54.9074244111112,-152.093126242,45.0375886817805,6.43394124025436
0,364,0.167289399496716,0.501725749554328,3.09561064962949,18.4674037008983,-6.0177254348208,178.955279825525,1.37787311988752,0.34446827997188
0,365,1.69768798300587,-0.352571749811606,2.50098055963857,-20.9918674853338,-67.8292891483133,-172.65322974237,22.5272204620251,3.75453674367085
0,366,-2.04529877041066,-0.056532860048826,-1.78930742590378,-106.387596183695,-72.8400877959538,-54.6371922997031,14.092935848409,2.8185871696818
0,367,2.67460242908037,0.074495172779603,0.500823207627893,154.220899068104,-19.5558859089239,7.70762946566317,58.5983565469764,9.7663927578294
0,368,2.21950396708909,0.092792267704574,1.97870472752503,123.079870709315,-78.643933875525,52.6716890261945,39.698386417792,6.61639773629866
0,369,-2.9616677227352,-0.704081823879837,-0.488549378661898,179.020286874619,-18.5119455264273,26.9052162864013,40.4697951212601,6.74496585354336
0,0,0.733565969167392,-1.24223566694363,-2.1117667407695,65.0227718419565,9.58826350590095,-133.867557443712,1.45854120213351E-10,1.6206013357039E-11
0,0,0.733565969167392,-1.24223566694363,-2.1117667407695,65.0227718419565,9.58826350590095,-133.867557443712,1.45854120213351E-10,1.6206013357039E-11
0,372,-0.722262308123871,-0.000599035682386,-2.66833755357832,-6.29865848769635,-29.1270945095733,-155.989739090179,22.9456207510442,4.58912415020885
0,373,1.11690308357589,0.670481687206495,2.68692539486254,36.4753654877606,-39.367500708441,156.655875335501,134.563536226364,26.9127072452728
0,0,0.733565969167392,-1.24223566694363,-2.1117667407695,65.0227718419565,9.58826350590095,-133.867557443712,1.45854120213351E-10,1.6206013357039E-11
0,0,0.733565969167392,-1.24223566694363,-2.1117667407695,65.0227718419565,9.58826350590095,-133.867557443712,1.45854120213351E-10,1.6206013357039E-11
0,0,0.733565969167392,-1.24223566694363,-2.1117667407695,65.0227718419565,9.58826350590095,-133.867557443712,1.45854120213351E-10,1.6206013357039E-11
0,0,0.733565969167392,-1.24223566694363,-2.1117667407695,65.0227718419565,9.58826350590095,-133.867557443712,1.45854120213351E-10,1.6206013357039E-11
0,0,0.733565969167392,-1.24223566694363,-2.1117667407695,65.0227718419565,9.58826350590095,-133.867557443712,1.45854120213351E-10,1.6206013357039E-11
0,0,0.733565969167392,-1.24223566694363,-2.1117667407695,65.0227718419565,9.58826350590095,-133.867557443712,1.45854120213351E-10,1.6206013357039E-11
0,0,0.733565969167392,-1.24223566694363,-2.1117667407695,65.0227718419565,9.58826350590095,-133.867557443712,1.45854120213351E-10,1.6206013357039E-11
0,0,0.733565969167392,-1.24223566694363,-2.1117667407695,65.0227718419565,9.58826350590095,-133.867557443712,1.45854120213351E-10,1.6206013357039E-11
0,0,0.733565969167392,-1.24223566694363,-2.1117667407695,65.0227718419565,9.58826350590095,-133.867557443712,1.45854120213351E-10,1.6206013357039E-11
0,0,0.733565969167392,-1.24223566694363,-2.1117667407695,65.0227718419565,9.58826350590095,-133.867557443712,1.45854120213351E-10,1.6206013357039E-11
0,0,0.733565969167392,-1.24223566694363,-2.1117667407695,65.0227718419565,9.58826350590095,-133.867557443712,1.45854120213351E-10,1.6206013357039E-11
0,0,0.733565969167392,-1.24223566694363,-2.1117667407695,65.0227718419565,9.58826350590095,-133.867557443712,1.45854120213351E-10,1.6206013357039E-11
0,0,0.733565969167392,-1.24223566694363,-2.1117667407695,65.0227718419565,9.58826350590095,-133.867557443712,1.45854120213351E-10,1.6206013357039E-11
0,387,-0.689216632937567,-0.138692144011658,-2.60822626592488,-0.941928692926279,-29.4119938453568,-153.656671654701,42.7356704875116,7.12261174791861
0,0,0.733565969167392,-1.24223566694363,-2.1117667407695,65.0227718419565,9.58826350590095,-133.867557443712,1.45854120213351E-10,1.6206013357039E-11
0,0,0.733565969167392,-1.24223566694363,-2.1117667407695,65.0227718419565,9.58826350590095,-133.867557443712,1.45854120213351E-10,1.6206013357039E-11
0,390,-0.122757928708737,0.233714642955456,-2.60502528113314,-10.9134431615116,-2.43279648158416,-149.642397418301,22.2231881358514,4.44463762717028
0,391,-0.136432866445518,0.411463824852232,-2.51179144768943,-18.7188476016742,-0.362518729257378,-145.510301342002,21.3406772032479,4.26813544064957
0,392,0.010695963984638,0.695149965903553,-2.62322168669047,-28.3157887596615,6.51991835198709,-156.315522886902,25.1785188147908,4.19641980246514
0,393,0.297321832965563,0.70256940935514,-2.7606427900708,-26.8300819420051,15.2770208958293,-167.178069107505,219.426127587733,36.5710212646221
0,0,0.733565969167392,-1.24223566694363,-2.1117667407695,65.0227718419565,9.58826350590095,-133.867557443712,1.45854120213351E-10,1.6206013357039E-11
0,395,0.319668199304943,1.41329437074219,-2.68854459275837,-55.5916964911347,12.9636114431645,178.835200417318,18.607406314009,3.10123438566817
0,0,0.733565969167392,-1.24223566694363,-2.1117667407695,65.0227718419565,9.58826350590095,-133.867557443712,1.45854120213351E-10,1.6206013357039E-11
0,0,0.733565969167392,-1.24223566694363,-2.1117667407695,65.0227718419565,9.58826350590095,-133.867557443712,1.45854120213351E-10,1.6206013357039E-11
0,0,0.733565969167392,-1.24223566694363,-2.1117667407695,65.0227718419565,9.58826350590095,-133.867557443712,1.45854120213351E-10,1.6206013357039E-11
0,0,0.733565969167392,-1.24223566694363,-2.1117667407695,65.0227718419565,9.58826350590095,-133.867557443712,1.45854120213351E-10,1.6206013357039E-11
0,0,0.733565969167392,-1.24223566694363,-2.1117667407695,65.0227718419565,9.58826350590095,-133.867557443712,1.45854120213351E-10,1.6206013357039E-11
0,0,0.733565969167392,-1.24223566694363,-2.1117667407695,65.0227718419565,9.58826350590095,-133.867557443712,1.45854120213351E-10,1.6206013357039E-11
0,0,0.733565969167392,-1.24223566694363,-2.1117667407695,65.0227718419565,9.58826350590095,-133.867557443712,1.45854120213351E-10,1.6206013357039E-11
0,0,0.733565969167392,-1.24223566694363,-2.1117667407695,65.0227718419565,9.58826350590095,-133.867557443712,1.45854120213351E-10,1.6206013357039E-11
0,404,-0.638039385228052,0.310836524808668,2.69918189580128,8.47614532786392,27.8395338939271,161.344586123653,59.1440446964597,9.85734078274329
0,405,-0.752233900718029,-0.532709523538869,-2.60798804126115,17.7025103255187,-34.4421782643244,-162.740788459046,42.357631254616,8.47152625092319
0,0,0.733565969167392,-1.24223566694363,-2.1117667407695,65.0227718419565,9.58826350590095,-133.867557443712,1.45854120213351E-10,1.6206013357039E-11
0,0,0.733565969167392,-1.24223566694363,-2.1117667407695,65.0227718419565,9.58826350590095,-133.867557443712,1.45854120213351E-10,1.6206013357039E-11
0,0,0.733565969167392,-1.24223566694363,-2.1117667407695,65.0227718419565,9.58826350590095,-133.867557443712,1.45854120213351E-10,1.6206013357039E-11
0,409,-0.364037506132999,-0.123602961422941,-3.08675548086255,4.43654887017436,-13.4998643085721,-178.736147989653,45.7117770905248,7.61862951508747
0,410,-0.725805414037799,-1.1955657548263,2.70299699929167,-51.1931986648776,22.5873142274062,162.738179034284,17.7787201724174,2.96312002873623
0,411,-0.746204662272812,-1.32478735092194,2.69430878008447,-55.6580800503364,23.5400122409408,164.297679159525,21.5086475984348,3.58477459973914
0,412,0.308144814709014,1.34705025948635,-2.5629304861086,-54.5298615117529,16.8140225717335,-173.767132162302,31.6981370862754,5.28302284771256
0,413,0.3463734026665,1.37824807622918,-2.52485114421999,-56.2730848519029,18.6823704780382,-174.018558124653,33.483840346089,5.58064005768149
0,414,0.28308011504772,1.38496359267103,-2.52031831154963,-56.4761036433123,16.7171448646221,-172.502166868911,40.1624550261169,6.69374250435282
0,415,0.433762294244293,1.34904821388364,-2.55135187188486,-55.0774025553931,21.0340770441205,-176.453354932769,31.2106226995475,5.20177044992458
0,416,0.480241253850745,1.29050127039382,-2.60502785132281,-52.3520752965627,21.7361568704521,-178.153660652291,28.956586856376,4.82609780939601
0,417,-0.419072041881405,0.018046901318424,-3.00902927286734,-1.54710270577601,-15.7767197323597,-173.800156615262,42.8498038921434,7.14163398202391
0,418,0.586200087184845,1.36244089267086,-2.57751632589332,-56.195534816822,24.5711815920674,177.819692744268,27.1764085435483,4.52940142392472
0,419,-0.98372046963261,-1.18251626230781,2.66444861977232,-53.8736853887511,31.8885946613288,159.179267267785,21.259008355241,3.54316805920684
0,420,-1.17643947390159,0.11018392769416,2.6911867610183,-1.05519390515023,47.1421579630982,166.880428252211,42.1439755617345,7.02399592695576
0,421,0.113700314600106,-0.775522339019117,-2.98402271821865,29.2565741106083,3.27195645980533,-175.808006358511,36.5089778485989,6.08482964143315
0,422,-0.399986925321217,-0.297359650197527,-2.95258222400478,10.5035979290418,-16.056058252563,-172.930423461409,49.188517307426,8.19808621790434
0,423,-0.920872010410024,0.927001606341416,2.69881648019963,39.3358153866789,36.4486110775928,-175.68231740819,47.2284074783991,7.87140124639986
0,424,0.94335818062065,0.781742341938385,2.70312770271502,38.7542617750863,-31.9462260486886,157.576753066783,133.370871055671,26.6741742111342
0,425,0.758831156162064,-0.275404772582485,-2.90846763759987,13.5121462894895,28.127775189734,-169.276876001449,57.0626618852938,9.51044364754897
0,426,-1.26065905204902,0.486840032700401,2.78356785971195,23.0792260910517,47.7353356410121,-172.689665960491,64.4179502944246,10.7363250490708
0,427,0.217033329471001,0.264370371836922,-2.66551019672534,-8.78698190104791,11.2592628982596,-154.636562714482,34.5339245646149,6.90678491292297
0,428,-0.41064007117914,0.265738057923478,-2.78727089216451,-13.43967916334,-14.4870691456203,-160.154792813472,24.5548410644102,4.09247351073504
0,429,0.015292465172308,0.35177163187898,-2.76903288361745,-13.9402975942201,3.08307021745988,-160.150138842163,24.7732378071875,4.9546475614375
0,430,-0.322813113187681,0.377636876341168,-2.47982661882968,-20.0624047027143,-8.14690065649768,-142.810087746716,21.0537782376755,4.2107556475351
0,431,0.041669741935572,0.159158452993373,-2.59132372680939,-6.04798789963425,3.52539738695836,-148.89734958275,25.6427620949758,5.12855241899517
0,432,-0.942011943130009,-0.352170015151347,-2.34194427839911,2.06255532064316,-44.304086150857,-144.067113301029,33.5991057882494,8.39977644706235
0,433,-0.254622072636403,0.237186527828074,-2.45972232503026,-13.5202675323527,-7.09299847096279,-141.144935860692,24.9969341481124,4.99938682962249
0,434,0.008817276142401,-0.232953802149399,-2.68589008655538,9.51181931403956,-1.77895410402634,-154.523920146248,28.6951346498791,5.73902692997583
0,435,-0.176065827394893,0.235906423714174,-2.58128770138556,-11.7183492878301,-4.47349055302011,-148.20418910626,22.8639897323709,4.57279794647419
0,436,0.031775107334147,-0.035926742310075,-2.66080617802341,1.77585722257311,0.933205349047624,-152.458964994099,28.6898113225794,5.73796226451589
0,437,-0.35848949088438,0.317711716059058,-2.61142025551095,-16.8827815727167,-11.2005363880401,-150.005711737974,24.6467113144997,4.92934226289994
0,438,-0.41645598448868,0.235834225962016,-2.49481848604071,-15.4848778578801,-13.9603534159207,-143.051637971322,23.2140567074369,4.64281134148738
0,439,-0.688651495041721,-0.274574003206465,-2.37049291797411,1.3271034273133,-32.7937943894711,-141.032305070693,22.419939611216,4.4839879222432
0,440,-0.520130160352839,0.269406790303854,-2.31464213981396,-20.6835491840505,-16.7320405323914,-132.494380210898,24.3289573543463,4.86579147086925
0,441,-0.585028911925496,-0.080107487593367,-2.47642625190401,-4.62867487962862,-25.2272719266454,-143.931134603131,20.6594414498635,4.13188828997271
0,442,-0.233632388745097,0.241839049896135,-2.54395746752787,-12.875684257275,-6.58569605517897,-146.010852342231,23.5301750928398,4.70603501856796
0,443,0.10535668062525,0.14449070556967,-2.61912022229314,-4.77733503982636,5.85624237459075,-150.592551304016,27.1587558133202,5.43175116266404
0,444,0.005522905466576,0.130870414061744,-2.61278631741588,-5.28808634124078,1.6634554674436,-149.930363661767,26.5194607848646,5.30389215697292
0,445,0.228675503675419,0.179593118234445,-2.63427374827817,-5.03069572516025,11.1484325359828,-152.176608151652,28.481631081509,5.69632621630179
0,446,-0.095547758133593,0.415973142509734,-2.49436503939356,-18.451583747291,1.52415261819283,-144.764160849132,23.923662383102,4.78473247662041
0,447,-0.055919305996604,-0.079991843657942,-2.65075790226249,2.68840558111739,-3.08581208662733,-152.034341787992,25.7182226520119,5.14364453040239
0,448,-0.709595120602351,0.160853109480009,-2.52516307584463,-15.8213969095503,-27.0886468341941,-145.59072378606,19.0377590405398,3.80755180810796
0,0,0.733565969167392,-1.24223566694363,-2.1117667407695,65.0227718419565,9.58826350590095,-133.867557443712,1.45854120213351E-10,1.6206013357039E-11
0,450,-0.056024481984957,0.587720744032877,-2.64445400270795,-24.4036354541293,2.99897334891427,-155.304799193337,25.6977684699214,5.13955369398429
0,451,0.368242032524709,0.326527043101331,-2.85353770902206,-11.2704749338991,15.921577304443,-167.284814728241,29.0371771964428,5.80743543928855
0,452,-0.174193727907022,0.764590614297793,-2.65883301098823,-32.2775465675288,-0.965835253148467,-157.668044638132,20.0451328857407,4.00902657714814
0,453,-0.304297850460506,0.858989749090956,-2.59177590988768,-37.7230951356414,-4.63790979989319,-154.506809954334,24.7300244049359,4.94600488098717
0,454,-0.098745333114278,0.351474681738067,-2.76864848078305,-14.7265175196363,-1.43043288687016,-159.650656517724,21.2061697933298,4.24123395866595
0,455,0.130000645626467,0.16059292081463,-2.8463864286046,-5.59834654330052,6.02520354132574,-163.767117268679,29.4213957254682,5.88427914509364
0,456,-0.108741856717998,0.494310333501637,-2.70122876726254,-20.8085504548762,-0.336420077835991,-157.018669778297,23.2537682940674,4.65075365881349
0,457,-0.435165119133967,0.729582909857062,-2.52382370625792,-34.9858985787223,-9.56486786186253,-148.105253188123,20.9295745159744,4.18591490319487
0,458,-0.518734770728673,0.670076528373284,-2.41179299738582,-35.3078251050896,-11.9015821704632,-140.779747712579,25.7440870005282,5.14881740010563
0,459,-0.338045580025375,0.652211703710665,-2.41769722336028,-31.8519510389272,-4.80142842875591,-141.920834131223,21.3775236951299,4.27550473902598
0,460,-0.003136494247367,0.239700264359776,-2.64081914572157,-9.79692471175197,2.31070088218607,-152.017146889081,22.4218471742034,4.48436943484067
0,461,0.1317579768613,0.24095496697727,-2.92679643082778,-8.82481398174734,6.01467695435707,-168.843743738181,28.8271042605947,5.76542085211895
0,462,-0.691519107391007,0.609666843713121,-2.42189696029244,-35.5370891317745,-19.8147593626603,-139.98460872966,25.3938311626131,5.07876623252263
0,463,-0.116270167302936,0.492607285414177,-2.55952950494072,-21.5585845271298,0.829252286395163,-149.08543085094,26.4208353628159,5.28416707256318
0,464,0.042414864423419,0.337283592244625,-2.64530414650059,-13.3337514741525,5.0248765813042,-153.183641461241,27.5636702947755,5.51273405895509
0,465,-0.358160357165663,0.355854595048279,-2.5591802969821,-18.9211968365113,-10.4511302548984,-147.14979202221,22.3184979410277,4.46369958820555
0,466,-0.256258810023164,0.217123332859459,-2.64573777175597,-11.4521490303173,-8.21572102114799,-151.770967033409,23.3942538684941,4.67885077369883
0,467,-0.221675117833529,0.339259771921897,-2.61107472969359,-16.240677567473,-5.40595025380509,-150.294692837056,21.1260688286408,4.22521376572815
0,468,-0.52551189978316,0.656044255583863,-2.46505632149763,-34.1277051689508,-13.0713957059766,-143.543828561101,24.2226880086106,4.84453760172211
0,469,-0.530124475376642,0.658006629927188,-2.4602575077462,-34.3372434309676,-13.1744467281438,-143.275366256694,36.3860932459358,7.27721864918716
0,470,-0.043906486925766,0.424710189565382,-2.6367688931912,-17.7324404383913,2.37201865679834,-153.075617644687,85.7189549234616,17.1437909846923
0,471,-0.152720511548705,0.38996619767882,-2.68231837906609,-17.1411121603449,-2.67767003566162,-154.856717734181,24.4841577139327,4.89683154278654
0,472,-0.283548940107544,0.744258386271903,-2.49906247265915,-34.0208395885584,-2.96842663891122,-147.970174503658,22.4619111921453,4.49238223842906
0,473,-0.220768783319321,0.714376709136794,-2.77437420330531,-29.5684826274483,-4.57873027286239,-162.881224887363,21.5507175912493,4.31014351824987
0,474,-0.022684322807097,0.009159831483661,-3.03576135535362,-0.38999697570633,-0.835609084442745,-173.938920647026,35.3363759271151,5.88939598785252
0,475,-1.30251657758098,1.15846412992957,2.06018921571625,63.7275696005307,62.2910818772692,-171.68815171147,60.9108057597024,10.1518009599504
0,476,-0.322354533526678,0.705661884379977,-2.48639386284534,-33.0907911703381,-4.65020699945976,-146.46249597104,22.9636137445479,4.59272274890957
0,477,-0.171128534483543,0.680109081476625,-2.49997191003161,-30.1393142107064,1.03702168071832,-147.902805064945,26.4607175859346,5.29214351718692
0,478,0.034154031301491,0.648264833059083,-2.57342294258981,-26.3782807927972,7.92793874068894,-153.086614264699,26.1698561558292,5.23397123116584
0,479,0.010245465573195,0.413180360141744,-2.69381457708075,-16.6222923031829,3.92295926620537,-156.452629915863,25.6054995887881,5.12109991775763
0,480,0.529166962520328,-0.136104744174519,-2.88951221346923,7.69874118064543,19.9276376540235,-166.933723522315,41.7116796335124,8.34233592670247
0,481,-1.5205159856923,0.062125819542637,-2.39978703483807,-23.8547160924238,-61.2990308637611,-145.440170313186,21.0630469145511,3.51050781909185
0,482,-2.21110469859784,0.022938700994256,-1.60476886969444,-127.655455085405,-65.2375351622857,-36.1084798992069,65.3609992207597,10.8934998701266
0,483,-1.7994227135533,-0.099935367319184,-2.19123421653612,-32.9182416285109,-75.4025461528569,-131.805294327245,34.3210377916891,4.90300539881273
0,484,-1.88934010253977,0.07271577949499,-1.77017571490451,-88.1871179606324,-65.2935057402121,-71.3595792474181,67.8156700666958,11.3026116777826
0,485,-0.877850139661214,-0.350422651199765,-2.42377885487466,4.51725691796458,-40.7881972560939,-148.589300337273,60.571928082866,7.57149101035825
0,486,-0.193680655392612,0.646815560523095,-2.67444376744202,-27.7052033994928,-2.49537492446163,-156.755324527455,26.1561530772929,5.23123061545858
0,487,-0.406428076901665,0.716546138224855,-2.59643979463817,-33.22926885087,-9.52783389062341,-152.085030019554,23.9703083929996,4.79406167859993
0,488,0.1248055694237,0.353341004572491,-2.51144803239286,-13.084417019977,9.64302508362518,-146.237823332875,28.4349597734935,5.68699195469871
0,0,0.733565969167392,-1.24223566694363,-2.1117667407695,65.0227718419565,9.58826350590095,-133.867557443712,1.45854120213351E-10,1.6206013357039E-11
0,0,0.733565969167392,-1.24223566694363,-2.1117667407695,65.0227718419565,9.58826350590095,-133.867557443712,1.45854120213351E-10,1.6206013357039E-11
0,491,0.006920311027864,0.270549947735668,-2.75197642597328,-10.787113578599,2.3362907523409,-158.5563220647,31.0736396924427,6.21472793848853
0,492,-0.293587169274609,0.364995637093025,3.06010996810779,13.4732882505808,11.1157266755281,178.660097052754,33.992235160441,5.66537252674017
0,493,-0.619810477266823,0.479201912571484,2.74504291344042,16.6414104973897,27.1643202254258,166.960076238903,49.1887294851538,8.19812158085896
0,0,0.733565969167392,-1.24223566694363,-2.1117667407695,65.0227718419565,9.58826350590095,-133.867557443712,1.45854120213351E-10,1.6206013357039E-11
0,0,0.733565969167392,-1.24223566694363,-2.1117667407695,65.0227718419565,9.58826350590095,-133.867557443712,1.45854120213351E-10,1.6206013357039E-11
0,496,0.128728311438114,-0.017304675280174,-2.94854779372296,1.14181754674958,4.89058817278481,-169.043910835779,33.2822821115155,5.54704701858591
